ID,Name,Team ID,Team Name,G,GS,GR,CG,SHO,NBB,W,L,SV,HLD,IP,BF,NP,H,HR,BB,IBB,HBP,SO,WP,BK,R,ER,GO,FO,Year,B_t,Number,Ht_wt,Born,Img,K9,ERA
3639,呂彥青,ACN,中信,51,1,50,0,0,0,1,2,20,9,63.2,253,986,51,2,16,0,2,52,1,0,18,14,68,64,2022,左投左打,58,175(CM) / 65(KG),1996/03/10,https://www.cpbl.com.tw/files/atts/0L245758674856403908/58呂彥青.jpg,7.41,1.99
3331,李振昌,ACN,中信,42,0,42,0,0,0,2,2,11,8,40.0,160,592,35,2,9,0,0,40,3,1,19,14,33,43,2022,右投右打,34,180(CM) / 87(KG),1986/10/21,https://www.cpbl.com.tw/files/atts/0L087782127337107701/李振昌.jpg,9.0,3.15
1194,楊志龍,ACN,中信,40,0,40,0,0,0,2,4,0,12,37.0,158,628,31,0,16,0,4,42,4,0,20,17,34,31,2022,右投右打,56,189(CM) / 102(KG),1993/04/07,https://www.cpbl.com.tw/files/atts/0L087782012129886612/56楊志龍.jpg,10.22,4.14
1515,吳哲源,ACN,中信,34,15,19,0,0,0,11,1,0,2,120.0,480,1766,117,8,21,2,7,64,1,0,40,38,132,139,2022,右投右打,93,175(CM) / 80(KG),1994/08/12,https://www.cpbl.com.tw/files/atts/0L087782024820764223/93吳哲源.jpg,4.8,2.85
6006,德保拉,ACN,中信,24,24,0,3,3,1,14,4,0,0,162.0,650,2443,145,3,21,0,12,158,4,2,47,44,174,140,2022,左投右打,46,185(CM) / 77(KG),1988/03/04,https://www.cpbl.com.tw/files/atts/0L088842980599450491/46德保拉.jpg,8.78,2.44
1005,彭識穎,ACN,中信,21,0,21,0,0,0,2,2,0,1,16.2,69,258,18,1,3,0,1,6,0,0,8,8,21,20,2022,左投左打,21,175(CM) / 71(KG),1992/07/02,https://www.cpbl.com.tw/files/atts/0L087782019684432668/21彭識穎.jpg,3.33,4.44
2281,廖乙忠,ACN,中信,20,2,18,0,0,0,2,1,0,1,27.0,130,542,33,0,15,0,3,22,3,0,19,15,23,34,2022,右投右打,11,186(CM) / 113(KG),1995/11/02,https://www.cpbl.com.tw/files/atts/0L087782030801562222/11廖乙忠.jpg,7.33,5.0
779,陳柏豪,ACN,中信,19,6,13,0,0,0,3,3,0,0,49.0,203,757,36,2,22,0,2,30,4,0,15,13,47,66,2022,右投右打,83,178(CM) / 78(KG),1999/01/28,https://www.cpbl.com.tw/files/atts/0L087781992071505012/83陳柏豪.jpg,5.51,2.39
778,蔡齊哲,ACN,中信,19,0,19,0,0,0,0,2,0,7,18.2,77,289,14,1,7,0,2,10,0,0,8,7,17,27,2022,右投右打,50,182(CM) / 80(KG),1995/12/18,https://www.cpbl.com.tw/files/atts/0L087781997709011598/50蔡齊哲.jpg,4.95,3.46
3078,官大元,ACN,中信,18,4,14,0,0,0,2,1,0,1,45.1,194,664,49,3,15,1,2,13,1,0,20,20,45,70,2022,右投右打,18,175(CM) / 73(KG),1983/09/09,https://www.cpbl.com.tw/files/atts/0L087782106476009139/18官大元.jpg,2.59,3.99
3334,鄭凱文,ACN,中信,18,17,1,0,0,0,8,3,0,0,108.2,424,1565,96,6,16,0,5,59,2,0,30,28,119,129,2022,右投右打,19,176(CM) / 80(KG),1988/07/26,https://www.cpbl.com.tw/files/atts/0L087782122144470242/19鄭凱文.jpg,4.91,2.33
4625,吳俊偉,ACN,中信,15,0,15,0,0,0,1,1,0,5,13.0,66,257,22,2,5,0,0,10,3,0,15,15,16,13,2022,右投右打,94,175(CM) / 78(KG),1998/12/31,https://www.cpbl.com.tw/files/atts/0L088838708709222204/94吳俊偉.jpg,6.92,10.38
6749,象魔力,ACN,中信,15,14,1,0,0,0,7,5,0,0,91.1,385,1517,80,2,29,0,9,89,3,0,36,26,94,84,2022,左投左打,55,183(CM) / 93(KG),1992/11/20,https://www.cpbl.com.tw/files/atts/0L309540302623875826/55象魔力.jpg,8.79,2.57
6209,泰迪,ACN,中信,15,15,0,1,1,1,5,6,0,0,88.0,383,1379,101,2,20,0,5,67,6,0,46,40,95,95,2022,右投右打,25,190(CM) / 102(KG),1993/11/25,https://www.cpbl.com.tw/files/atts/0L088854505607771580/泰迪.png,6.85,4.09
1232,江忠城,ACN,中信,14,0,14,0,0,0,1,0,0,4,15.1,69,267,16,0,6,0,1,19,0,0,7,7,14,13,2022,右投右打,20,180(CM) / 90(KG),1990/03/10,https://www.cpbl.com.tw/files/atts/0L087782018036240253/20江忠城.jpg,11.32,4.17
4626,王奕凱,ACN,中信,12,0,12,0,0,0,0,0,0,1,13.2,55,216,10,0,4,0,0,16,0,0,0,0,7,18,2022,左投左打,54,183(CM) / 78(KG),2000/08/29,https://www.cpbl.com.tw/files/atts/0L088837568179667774/54王奕凱.jpg,10.91,0.0
1675,林丞軒,ACN,中信,10,0,10,0,0,0,0,0,0,0,10.2,50,167,10,0,5,0,5,9,1,0,8,6,13,8,2022,右投右打,38,183(CM) / 82(KG),1993/06/22,https://www.cpbl.com.tw/files/atts/0L087782021271007782/38林丞軒.jpg,7.94,5.29
776,王凱程,ACN,中信,9,0,9,0,0,0,0,0,0,0,9.2,48,153,14,1,3,0,1,4,1,0,10,8,17,9,2022,右投右打,15,192(CM) / 91(KG),1991/09/08,https://www.cpbl.com.tw/files/atts/0L087781997164142571/15王凱程.jpg,3.91,7.83
3506,謝榮豪,ACN,中信,8,0,8,0,0,0,0,0,0,0,5.2,34,132,9,2,6,0,0,5,0,0,7,6,8,6,2022,右投右打,79,188(CM) / 101(KG),1990/07/09,https://www.cpbl.com.tw/files/atts/0L087782143296165339/79謝榮豪.jpg,8.65,10.38
2271,黃恩賜,ACN,中信,6,5,1,0,0,0,1,3,0,0,25.2,118,390,37,1,5,0,2,12,1,1,15,13,36,26,2022,右投左打,64,185(CM) / 98(KG),1996/05/17,https://www.cpbl.com.tw/files/atts/0L087782028900097295/64黃恩賜.jpg,4.29,4.64
773,李吳永勤,ACN,中信,6,0,6,0,0,0,0,0,0,0,9.0,36,145,10,0,1,0,0,7,0,0,3,2,12,6,2022,左投左打,30,177(CM) / 83(KG),1998/03/29,https://www.cpbl.com.tw/files/atts/0L087781996620263554/30李吳永勤.jpg,7.0,2.0
6837,牧田和久,ACN,中信,6,0,6,0,0,0,0,0,0,0,5.1,29,100,14,1,0,0,0,4,0,0,5,5,2,9,2022,右投左右開弓,35,177(CM) / 88(KG),1984/11/10,https://www.cpbl.com.tw/files/atts/0M263412432196260014/牧田.jpg,7.06,8.82
6885,奧特羅,ACN,中信,5,5,0,0,0,0,2,1,0,0,26.2,114,436,29,3,4,0,1,21,0,0,13,12,28,31,2022,左投左打,91,175(CM) / 84(KG),1992/06/03,https://www.cpbl.com.tw/files/atts/0M266571750750054929/奧特羅1.jpg,7.21,4.12
6842,麥力德,ACN,中信,5,3,2,0,0,0,1,3,0,0,18.1,82,323,25,2,2,0,2,11,1,0,15,6,27,15,2022,右投右打,25,183(CM) / 90(KG),1988/10/20,https://www.cpbl.com.tw/files/atts/0M234420931238878826/麥力德.jpg,5.47,2.98
6846,泰樂,ACN,中信,5,5,0,0,0,0,3,1,0,0,32.1,131,500,26,1,10,0,1,29,0,0,10,9,26,39,2022,右投右打,52,190(CM) / 98(KG),1994/10/21,https://www.cpbl.com.tw/files/atts/0M262509397317669192/52泰樂.jpg,8.13,2.52
5572,魏碩成,ACN,中信,4,2,2,0,0,0,1,1,0,0,15.2,73,293,21,0,6,0,1,15,1,1,11,9,17,13,2022,左投左打,14,182(CM) / 78(KG),1997/06/17,https://www.cpbl.com.tw/files/atts/0L088843337216103214/14魏碩成.jpg,8.88,5.33
6225,宋晟睿,ACN,中信,1,0,1,0,0,0,0,0,0,0,1.0,3,14,0,0,0,0,0,1,0,0,0,0,0,2,2022,右投右打,88,182(CM) / 78(KG),2002/08/14,https://www.cpbl.com.tw/files/atts/0L088838939522959286/88宋晟睿.jpg,9.0,0.0
2345,鄭浩均,ACN,中信,1,1,0,0,0,0,0,0,0,0,4.1,17,78,1,0,2,0,1,3,1,0,1,1,5,5,2022,右投右打,33,191(CM) / 94(KG),1997/09/17,https://www.cpbl.com.tw/files/atts/0M262620340599650028/33鄭浩均.jpg,6.59,2.2
1349,周磊,ACN,中信,1,1,0,0,0,0,0,1,0,0,4.1,24,78,8,0,2,0,1,1,0,0,4,4,4,8,2022,右投右打,99,184(CM) / 89(KG),1991/04/16,https://www.cpbl.com.tw/files/atts/0L087782026478957738/99周磊.jpg,2.2,8.78
998,邱浩鈞,ADD,統一,51,0,51,0,0,0,0,2,1,10,44.1,185,713,36,1,17,0,1,40,8,0,10,6,54,37,2022,右投右打,37,180(CM) / 70(KG),1990/12/29,https://www.cpbl.com.tw/files/atts/0L087782014312948154/37邱浩鈞.jpg,8.16,1.22
4637,劉軒荅,ADD,統一,47,0,47,0,0,0,1,2,0,11,47.2,210,804,47,8,17,0,1,44,1,0,18,16,44,57,2022,右投右打,23,180(CM) / 88(KG),1996/11/23,https://www.cpbl.com.tw/files/atts/0L088855936595832120/23劉軒荅.jpg,8.39,3.05
2688,陳韻文,ADD,統一,44,0,44,0,0,0,3,2,13,5,47.0,203,788,40,2,24,1,0,43,0,2,15,13,51,45,2022,右投右打,12,183(CM) / 97(KG),1995/11/28,https://www.cpbl.com.tw/files/atts/0L087782077806162099/12陳韻文.jpg,8.23,2.49
3393,王鏡銘,ADD,統一,42,0,42,0,0,0,1,1,0,9,46.1,199,792,49,2,16,0,2,30,1,0,27,20,49,53,2022,右投右打,41,176(CM) / 93(KG),1986/01/16,https://www.cpbl.com.tw/files/atts/0L087782138225368340/41王鏡銘.jpg,5.86,3.9
6222,劉予承,ADD,統一,41,0,41,0,0,0,1,0,0,7,38.1,172,671,30,0,21,0,4,40,6,0,20,18,42,34,2022,右投右打,26,175(CM) / 80(KG),2002/02/03,https://www.cpbl.com.tw/files/atts/0L088855510788578689/26劉予承.jpg,9.45,4.25
6712,楊孟沅,ADD,統一,36,1,35,0,0,0,2,4,0,6,30.0,144,533,41,0,13,2,2,19,2,0,21,14,37,32,2022,左投左打,90,173(CM) / 75(KG),1999/03/14,https://www.cpbl.com.tw/files/atts/0L281374905740182369/90楊孟沅.jpg,5.7,4.2
6763,柯瑞,ADD,統一,28,11,17,0,0,0,2,8,7,0,76.0,336,1297,89,2,22,1,2,51,4,1,46,36,105,67,2022,右投右打,74,188(CM) / 106(KG),1993/08/02,https://www.cpbl.com.tw/files/atts/0M101630492193352339/柯瑞.jpg,6.04,4.26
1719,胡智為,ADD,統一,27,26,1,0,0,0,9,13,0,0,150.2,658,2517,178,8,41,0,8,84,1,0,73,56,181,166,2022,右投右打,58,182(CM) / 90(KG),1993/11/04,https://www.cpbl.com.tw/files/atts/0L090427017999453841/58胡智爲.jpg,5.03,3.36
2348,施子謙,ADD,統一,25,1,24,0,0,0,1,3,0,6,29.1,146,536,52,1,9,0,1,17,0,0,36,21,44,23,2022,右投右打,45,184(CM) / 96(KG),1994/12/19,https://www.cpbl.com.tw/files/atts/0L087782030076006889/45施子謙.jpg,5.26,6.49
2303,黃竣彥,ADD,統一,23,0,23,0,0,0,0,2,0,3,21.0,88,324,19,2,7,1,2,11,2,0,12,9,20,29,2022,右投右打,40,190(CM) / 93(KG),1993/10/06,https://www.cpbl.com.tw/files/atts/0L087782033981984394/40黃竣彥.jpg,4.71,3.86
3620,江承峰,ADD,統一,20,0,20,0,0,0,0,0,0,2,18.0,78,282,24,1,5,0,0,14,1,0,16,12,18,17,2022,右投右打,95,180(CM) / 90(KG),1988/10/14,https://www.cpbl.com.tw/files/atts/0L087782152636134454/95江承峰.jpg,7.0,6.0
2679,江辰晏,ADD,統一,17,15,2,0,0,0,2,7,0,0,91.0,386,1377,108,7,12,0,5,43,0,0,43,39,69,149,2022,左投左打,16,175(CM) / 70(KG),1995/06/03,https://www.cpbl.com.tw/files/atts/0L087782070711951503/16江承諺.jpg,4.25,3.86
6762,羅昂,ADD,統一,14,14,0,0,0,0,9,1,0,0,82.0,332,1267,82,3,12,0,1,84,3,0,19,17,76,77,2022,右投右打,44,203(CM) / 111(KG),1985/02/13,https://www.cpbl.com.tw/files/atts/0M101631494184382767/羅昂.jpg,9.22,1.87
4635,江國謙,ADD,統一,13,0,13,0,0,0,0,0,0,2,11.2,51,219,14,0,6,0,1,6,1,0,4,2,8,16,2022,右投右打,98,180(CM) / 88(KG),1999/10/01,https://www.cpbl.com.tw/files/atts/0L088831826885529535/98江國謙.jpg,4.82,1.61
4638,古林睿煬,ADD,統一,12,12,0,0,0,0,7,4,0,0,62.0,262,1045,59,3,22,0,0,70,3,0,29,23,54,57,2022,右投右打,19,184(CM) / 81(KG),2000/06/12,https://www.cpbl.com.tw/files/atts/0L088851290003759624/19古林睿煬.jpg,10.16,3.34
5731,布雷克,ADD,統一,12,12,0,0,0,0,3,3,0,0,73.0,299,1146,68,8,11,0,2,50,0,0,27,24,55,113,2022,右投右打,50,205(CM) / 118(KG),1994/07/02,https://www.cpbl.com.tw/files/atts/0L088851516909723984/50布雷克.jpg,6.16,2.96
3401,傅于剛,ADD,統一,12,0,12,0,0,0,1,1,0,3,11.2,53,217,12,1,7,0,1,4,0,0,10,9,13,16,2022,右投右打,42,180(CM) / 93(KG),1988/01/18,https://www.cpbl.com.tw/files/atts/0L087782133131621871/42傅于剛.jpg,3.21,7.23
2589,潘威倫,ADD,統一,11,10,1,0,0,0,2,7,0,0,54.2,235,771,72,5,7,0,1,25,1,0,30,29,65,65,2022,右投右打,18,182(CM) / 98(KG),1982/03/05,https://www.cpbl.com.tw/files/atts/0L087782062295700451/18潘威倫.jpg,4.15,4.82
6841,克維斯,ADD,統一,11,10,1,0,0,0,3,5,0,0,61.0,260,1073,50,3,32,0,2,59,3,0,25,24,62,55,2022,右投右打,43,188(CM) / 102(KG),1991/01/06,https://www.cpbl.com.tw/files/atts/0M257684817658320074/43克維斯.jpg,8.7,3.54
2695,林子崴,ADD,統一,9,1,8,0,0,0,0,2,0,2,12.0,54,240,9,1,7,0,2,19,2,0,7,6,7,10,2022,左投左打,17,179(CM) / 78(KG),1995/09/17,https://www.cpbl.com.tw/files/atts/0L087782073347495558/17林子崴.jpg,14.25,4.5
5282,姚杰宏,ADD,統一,9,5,4,0,0,0,1,1,0,0,27.0,128,461,29,3,15,0,4,11,2,0,17,16,26,43,2022,右投右打,79,184(CM) / 90(KG),1998/04/15,https://www.cpbl.com.tw/files/atts/0L088853977265964005/79姚杰宏.jpg,3.67,5.33
2276,鄭鈞仁,ADD,統一,8,0,8,0,0,0,0,1,0,2,8.1,34,132,7,1,3,0,0,5,1,0,3,3,5,14,2022,右投右打,60,184(CM) / 95(KG),1995/11/03,https://www.cpbl.com.tw/files/atts/0L087782034450329754/60鄭鈞仁.jpg,5.56,3.33
6866,宋文華,ADD,統一,4,2,2,0,0,0,0,0,0,1,10.2,47,186,7,1,7,0,0,9,2,0,3,1,12,12,2022,右投右打,97,187(CM) / 105(KG),1996/09/02,https://www.cpbl.com.tw/files/atts/0M257683074701603994/97宋文華.jpg,7.94,0.88
6127,李其峰,ADD,統一,3,0,3,0,0,0,0,0,0,0,2.2,9,31,1,0,0,0,0,1,0,0,0,0,6,1,2022,右投右打,30,180(CM) / 73(KG),1997/10/14,https://www.cpbl.com.tw/files/atts/0L088852295439312727/30李其峰.jpg,4.09,0.0
2707,潘傑楷,ADD,統一,1,0,1,0,0,0,0,0,0,0,0.1,2,6,1,0,0,0,0,0,0,0,0,0,1,0,2022,右投左打,35,184(CM) / 78(KG),1994/02/03,https://www.cpbl.com.tw/files/atts/0L087782080976485061/35潘傑楷.jpg,0.0,0.0
2601,高國慶,ADD,統一,1,0,1,0,0,0,0,0,0,0,0.2,5,19,2,0,1,0,0,0,0,0,3,3,1,1,2022,右投右打,68,181(CM) / 93(KG),1978/10/06,https://www.cpbl.com.tw/files/atts/0L087782068001063992/68高國慶.jpg,0.0,135.0
6711,李承鴻,ADD,統一,1,0,1,0,0,0,0,0,0,1,2.0,6,19,0,0,0,0,0,1,0,0,0,0,1,4,2022,右投右打,86,182(CM) / 76(KG),2003/03/11,https://www.cpbl.com.tw/files/atts/0L281369717746652484/86李承鴻.jpg,4.5,0.0
6507,豪勁,AJL,樂天,59,0,59,0,0,0,5,2,36,4,68.2,271,1089,56,2,15,2,2,65,2,0,13,11,88,45,2022,右投右打,61,190(CM) / 95(KG),1989/05/12,https://www.cpbl.com.tw/files/atts/0L088836205009344702/豪勁.JPG,8.58,1.45
128,朱俊祥,AJL,樂天,50,0,50,0,0,0,3,3,3,18,51.1,216,814,52,4,13,0,2,60,1,0,22,19,46,43,2022,右投左打,22,175(CM) / 70(KG),1995/04/15,https://www.cpbl.com.tw/files/atts/0L087781872057811482/22朱俊祥.jpg,10.57,3.35
135,陳禹勳,AJL,樂天,46,0,46,0,0,0,3,2,1,26,45.2,193,761,39,0,18,2,1,42,4,0,11,9,39,54,2022,右投右打,20,182(CM) / 83(KG),1989/05/20,https://www.cpbl.com.tw/files/atts/0L087781874779548454/20陳禹勳.jpg,8.36,1.79
5285,許峻暘,AJL,樂天,44,0,44,0,0,0,2,1,0,8,51.2,206,828,34,3,19,0,5,41,0,0,15,12,45,62,2022,右投左打,34,181(CM) / 73(KG),1998/03/23,https://www.cpbl.com.tw/files/atts/0L088835633108869775/34許峻暘.jpg,7.21,2.11
3292,賴鴻誠,AJL,樂天,37,0,37,0,0,0,1,1,0,6,35.0,135,509,25,2,8,0,3,24,0,0,8,8,36,39,2022,左投左打,48,180(CM) / 77(KG),1988/04/26,https://www.cpbl.com.tw/files/atts/0L087782120608027298/48賴鴻誠.jpg,6.17,2.06
2274,黃子鵬,AJL,樂天,24,24,0,0,0,0,12,3,0,0,158.2,636,2385,143,8,25,0,10,96,1,0,45,41,184,178,2022,右投左打,69,183(CM) / 80(KG),1994/03/19,https://www.cpbl.com.tw/files/atts/0L087782033816450736/69黃子鵬.jpg,5.46,2.33
941,陳冠宇,AJL,樂天,23,6,17,0,0,0,2,1,0,1,55.2,238,941,53,1,16,0,3,57,2,0,21,19,51,58,2022,左投左打,12,178(CM) / 80(KG),1990/10/29,https://www.cpbl.com.tw/files/atts/0L235603319457569957/12陳冠宇.jpg,9.29,3.1
6710,狂威,AJL,樂天,23,23,0,0,0,0,13,6,0,0,140.0,608,2244,150,3,50,0,5,100,5,0,64,54,196,106,2022,右投右打,33,185(CM) / 97(KG),1991/08/14,https://www.cpbl.com.tw/files/atts/0L277411485589006859/狂威.jpg,6.43,3.47
5085,霸林爵,AJL,樂天,23,23,0,0,0,0,8,6,0,0,130.1,560,2104,145,9,36,0,4,114,5,0,64,58,131,130,2022,左投左打,27,196(CM) / 104(KG),1991/02/04,https://www.cpbl.com.tw/files/atts/0L088837257456940702/霸林爵.JPG,7.89,4.01
3465,王溢正,AJL,樂天,20,11,9,1,0,1,6,4,0,1,63.1,267,991,55,2,22,0,2,36,6,0,30,27,71,81,2022,左投左打,32,190(CM) / 84(KG),1985/10/09,https://www.cpbl.com.tw/files/atts/0L087782146677075826/王溢正032.jpg,5.13,3.85
3616,黃偉晟,AJL,樂天,17,0,17,0,0,0,0,0,0,2,21.1,88,331,23,1,3,0,1,10,1,0,10,10,24,27,2022,右投右打,4,180(CM) / 95(KG),1990/03/06,https://www.cpbl.com.tw/files/atts/0L087782152457386409/黃偉晟.jpg,4.27,4.27
150,蘇俊羽,AJL,樂天,14,0,14,0,0,0,1,1,0,1,18.2,81,283,20,1,5,1,3,10,1,0,13,11,27,16,2022,右投右打,14,178(CM) / 65(KG),1996/10/30,https://www.cpbl.com.tw/files/atts/0L087781881043507095/14蘇俊羽.jpg,4.95,5.44
1390,王躍霖,AJL,樂天,13,0,13,0,0,0,1,2,0,3,14.0,57,214,11,1,5,1,0,7,1,0,7,7,18,16,2022,右投右打,95,184(CM) / 94(KG),1991/02/05,https://www.cpbl.com.tw/files/atts/0L087782027656705783/王躍霖95.jpg,4.5,4.5
6237,林子崴,AJL,樂天,12,4,8,0,0,0,0,3,0,1,28.0,138,531,39,2,17,1,2,13,2,0,21,21,40,27,2022,左投左打,54,178(CM) / 80(KG),2002/03/22,https://www.cpbl.com.tw/files/atts/0L088833017317669192/54林子崴.jpg,4.18,6.75
6720,邱駿威,AJL,樂天,12,0,12,0,0,0,0,0,0,0,11.2,61,272,14,0,7,0,1,13,0,1,8,4,20,6,2022,右投右打,46,176(CM) / 86(KG),2002/11/10,https://www.cpbl.com.tw/files/atts/0L280404012709998851/46邱駿威.jpg,10.45,3.21
3608,曾仁和,AJL,樂天,11,11,0,0,0,0,7,2,0,0,58.0,240,953,55,3,13,0,4,54,0,0,18,16,61,53,2022,右投左打,37,186(CM) / 91(KG),1994/10/03,https://www.cpbl.com.tw/files/atts/0L280404317508900250/37曾仁和.jpg,8.38,2.48
5558,蘇俊璋,AJL,樂天,8,0,8,0,0,0,0,0,0,0,11.2,60,232,20,2,4,0,2,11,1,0,10,8,13,10,2022,右投右打,00,180(CM) / 92(KG),1998/09/02,https://www.cpbl.com.tw/files/atts/0L088837090977697776/蘇俊璋.jpg,8.84,6.43
4629,楊彬,AJL,樂天,7,5,2,0,0,0,2,1,0,1,32.1,132,487,38,2,5,0,0,14,1,0,14,13,44,31,2022,右投右打,27,180(CM) / 90(KG),1996/01/18,https://www.cpbl.com.tw/files/atts/0L088859316885529535/27楊彬.jpg,3.93,3.64
4770,索沙,AJL,樂天,5,5,0,0,0,0,2,3,0,0,33.0,137,477,36,1,3,0,0,11,0,0,14,10,41,46,2022,右投右打,40,185(CM) / 107(KG),1985/07/28,https://www.cpbl.com.tw/files/atts/0L090378360739708798/索沙.jpg,3.0,2.73
5509,莊昕諺,AJL,樂天,5,2,3,0,0,0,0,2,0,0,15.1,67,247,17,3,4,0,2,6,0,0,12,11,19,19,2022,右投右打,77,181(CM) / 91(KG),2000/10/19,https://www.cpbl.com.tw/files/atts/0L088835515806899778/77.jpg,3.58,6.56
5600,必贏多,AJL,樂天,4,3,1,0,0,0,1,2,0,0,16.1,85,308,24,0,8,0,4,9,1,1,15,11,30,10,2022,右投右打,25,183(CM) / 88(KG),1994/01/20,https://www.cpbl.com.tw/files/atts/0M256657767900252440/必贏多.jpg,5.03,6.15
6722,賴知頎,AJL,樂天,3,0,3,0,0,0,0,0,0,0,1.1,6,23,2,1,0,0,0,1,0,0,1,1,1,2,2022,右投左打,51,180(CM) / 70(KG),2003/07/26,https://www.cpbl.com.tw/files/atts/0L280404637961449555/51賴知頎.jpg,8.18,8.18
4646,翁瑋均,AJL,樂天,2,2,0,0,0,0,1,0,0,0,9.0,42,161,8,1,7,0,0,5,0,0,7,3,11,11,2022,右投左打,20,190(CM) / 85(KG),1998/11/29,https://www.cpbl.com.tw/files/atts/0L088834893549293678/翁瑋均020.jpg,5.0,3.0
4624,陳克羿,AJL,樂天,2,1,1,0,0,0,0,1,0,0,3.2,18,66,3,0,2,0,2,0,1,0,3,3,4,7,2022,右投左打,19,185(CM) / 74(KG),1999/10/27,https://www.cpbl.com.tw/files/atts/0L088835829014133216/19陳克羿.jpg,0.0,8.44
6228,王志煊,AJL,樂天,1,0,1,0,0,0,0,0,0,0,0.1,4,22,2,0,0,0,1,0,0,0,1,1,0,1,2022,左投左打,64,175(CM) / 72(KG),2001/09/05,https://www.cpbl.com.tw/files/atts/0L088831565607771580/64王志煊.jpg,0.0,90.0
3563,余德龍,AJL,樂天,1,0,1,0,0,0,0,0,0,0,1.0,4,17,0,0,1,0,0,0,0,0,0,0,0,3,2022,右投右打,36,180(CM) / 73(KG),1988/06/12,https://www.cpbl.com.tw/files/atts/0L087782143005578924/36余德龍.jpg,0.0,0.0
6715,張梓軒,AJL,樂天,1,0,1,0,0,0,0,0,0,0,0.0,3,14,0,0,3,0,0,0,0,0,1,1,0,0,2022,左投左打,84,191(CM) / 88(KG),1999/03/30,https://www.cpbl.com.tw/files/atts/0L280404162125145603/84張梓軒.jpg,0.0,0.0
6227,曾峻岳,AEO,富邦,47,0,47,0,0,0,2,4,20,6,50.1,203,845,35,1,18,1,3,64,1,0,16,16,39,44,2022,右投右打,60,174(CM) / 68(KG),2001/11/07,https://www.cpbl.com.tw/files/atts/0L088859115063802563/60曾峻岳.jpg,11.5,2.87
2347,王尉永,AEO,富邦,43,0,43,0,0,0,1,2,1,8,36.0,157,618,28,0,16,2,2,38,1,0,11,10,38,35,2022,右投右打,34,181(CM) / 72(KG),1995/09/18,https://www.cpbl.com.tw/files/atts/0L087782034704611366/34王尉永.jpg,9.5,2.5
4628,歐書誠,AEO,富邦,40,0,40,0,0,0,1,1,0,9,41.1,179,691,43,1,14,0,1,27,0,0,14,12,46,47,2022,右投右打,57,180(CM) / 65(KG),1993/02/11,https://www.cpbl.com.tw/files/atts/0L088859651942240372/57歐書誠.jpg,5.91,2.63
2272,賴智垣,AEO,富邦,40,0,40,0,0,0,3,0,0,17,40.0,157,570,27,0,11,0,3,23,2,0,7,6,52,41,2022,右投右打,25,178(CM) / 86(KG),1997/02/28,https://www.cpbl.com.tw/files/atts/0L087782023272571719/25賴智垣.jpg,5.17,1.35
5592,富藍戈,AEO,富邦,40,1,39,0,0,0,1,2,5,11,51.1,200,799,38,2,10,1,1,51,2,2,16,14,48,52,2022,右投右打,87,188(CM) / 108(KG),1992/12/29,https://www.cpbl.com.tw/files/atts/0M186541737375715261/87富藍戈.jpeg,8.98,2.47
5561,李建勲,AEO,富邦,33,0,33,0,0,0,1,3,0,3,26.1,123,443,34,1,11,2,1,26,1,0,14,12,21,30,2022,右投右打,54,192(CM) / 95(KG),1996/09/08,https://www.cpbl.com.tw/files/atts/0L088856752563990658/54李建勲.jpg,8.97,4.14
5284,藍愷青,AEO,富邦,28,0,28,0,0,0,1,0,0,4,25.1,111,389,28,0,7,1,2,10,0,0,12,12,31,33,2022,左投左打,21,176(CM) / 74(KG),1998/09/06,https://www.cpbl.com.tw/files/atts/0L088860335416084175/21藍愷青.jpeg,3.59,4.3
5479,江國豪,AEO,富邦,28,1,27,0,0,0,2,1,0,2,26.1,130,484,25,2,21,1,5,16,3,0,18,10,27,36,2022,右投右打,12,178(CM) / 73(KG),1997/12/29,https://www.cpbl.com.tw/files/atts/0L088856657657537117/12江國豪.jpg,5.52,3.45
363,陳仕朋,AEO,富邦,23,18,5,0,0,0,8,6,0,0,113.2,473,1818,108,7,37,1,4,86,4,1,45,34,133,105,2022,左投左打,81,179(CM) / 79(KG),1997/09/20,https://www.cpbl.com.tw/files/atts/0L087781915793341123/81陳仕朋.jpg,6.84,2.7
6758,范米特,AEO,富邦,23,22,1,0,0,0,6,14,0,0,136.1,579,2202,146,8,31,0,9,110,0,1,67,59,157,126,2022,右投右打,49,188(CM) / 88(KG),1988/10/18,https://www.cpbl.com.tw/files/atts/0M087578295124296435/范米特.png,7.27,3.9
1412,江少慶,AEO,富邦,22,22,0,0,0,0,5,12,0,0,120.2,534,1947,141,8,38,0,9,85,11,0,81,63,145,116,2022,右投右打,71,183(CM) / 94(KG),1993/11/10,https://www.cpbl.com.tw/files/atts/0L090428114162413381/71江少慶.jpg,6.36,4.72
3606,陳鴻文,AEO,富邦,21,9,12,0,0,0,3,6,0,2,63.0,275,1038,73,2,10,0,5,35,0,0,35,27,70,82,2022,右投右打,13,180(CM) / 92(KG),1986/02/03,https://www.cpbl.com.tw/files/atts/0L087782155362174923/13陳鴻文.jpg,5.0,3.86
5292,岳少華,AEO,富邦,16,0,16,0,0,0,0,0,0,1,15.1,68,287,16,0,4,0,3,11,0,0,6,3,11,23,2022,右投左打,48,180(CM) / 68(KG),1999/06/01,https://www.cpbl.com.tw/files/atts/0L277411850013063971/48岳少華.jpeg,6.56,1.79
1260,郭俊麟,AEO,富邦,15,14,1,0,0,0,3,7,0,1,72.1,328,1297,84,3,24,0,3,47,4,0,43,33,94,76,2022,右投右打,18,175(CM) / 76(KG),1992/02/02,https://www.cpbl.com.tw/files/atts/0L087782014477482711/18郭俊麟.jpg,5.87,4.12
6739,李子強,AEO,富邦,14,3,11,0,0,0,0,1,0,2,34.0,146,609,39,4,9,0,2,27,0,0,17,12,31,38,2022,右投左打,66,184(CM) / 74(KG),1999/12/29,https://www.cpbl.com.tw/files/atts/0L277412124901686188/66李子強.jpg,7.15,3.18
6745,陳冠勳,AEO,富邦,14,0,14,0,0,0,0,0,0,2,12.2,51,203,7,1,6,0,2,9,0,1,6,6,19,8,2022,左投左打,59,178(CM) / 68(KG),1998/12/23,https://www.cpbl.com.tw/files/atts/0L280406469164878619/59陳冠勳.jpg,6.64,4.43
368,游霆崴,AEO,富邦,12,4,8,0,0,0,1,1,0,0,30.1,125,504,27,3,11,0,1,22,3,0,10,10,27,37,2022,右投右打,80,178(CM) / 68(KG),1997/10/11,https://www.cpbl.com.tw/files/atts/0L087781916872199278/80游霆崴.jpg,6.58,2.99
121,羅力,AEO,富邦,12,11,1,0,0,0,5,2,0,0,63.2,257,992,56,2,11,0,4,61,2,0,19,18,68,57,2022,右投右打,39,192(CM) / 99(KG),1984/09/14,https://www.cpbl.com.tw/files/atts/0L087781876140558941/S0000000121.jpg,8.69,2.56
6748,威迪茲,AEO,富邦,9,8,1,0,0,0,2,6,0,0,49.2,223,803,55,1,16,0,6,26,16,0,36,23,61,59,2022,右投右打,64,180(CM) / 95(KG),1990/03/01,https://www.cpbl.com.tw/files/atts/0L309540438458429363/威迪茲.jpeg,4.76,4.21
6838,安得勝,AEO,富邦,6,6,0,0,0,0,1,1,0,0,31.1,130,468,28,1,9,0,2,11,0,0,14,6,58,22,2022,右投右打,44,188(CM) / 92(KG),1993/05/27,https://www.cpbl.com.tw/files/atts/0M241390775092509476/44安得勝.jpeg,3.18,1.74
938,張瑞麟,AEO,富邦,6,0,6,0,0,0,0,0,0,0,4.1,24,89,6,0,2,0,3,1,0,0,5,4,6,6,2022,左投左打,72,181(CM) / 80(KG),1992/06/28,https://www.cpbl.com.tw/files/atts/0L087782008405685613/S0000000938.jpg,2.2,8.78
1390,王躍霖,AEO,富邦,6,0,6,0,0,0,0,0,0,1,4.1,22,89,9,0,2,0,0,2,0,0,3,3,6,3,2022,右投右打,95,184(CM) / 94(KG),1991/02/05,https://www.cpbl.com.tw/files/atts/0L087782027656705783/王躍霖95.jpg,4.39,6.59
6547,優瑪,AEO,富邦,5,0,5,0,0,0,0,1,0,0,6.1,30,112,8,0,2,0,0,4,2,1,4,4,8,8,2022,右投右打,89,191(CM) / 95(KG),1992/05/06,https://www.cpbl.com.tw/files/atts/0L195524436575096389/UMA.jpg,5.9,5.9
341,范玉禹,AEO,富邦,4,1,3,0,0,0,0,0,0,0,9.0,43,182,14,1,3,0,1,3,0,0,7,7,10,12,2022,右投左打,47,193(CM) / 90(KG),1995/04/27,https://www.cpbl.com.tw/files/atts/0L087781916707655610/47范玉禹.jpg,3.0,7.0
1285,張耿豪,AEO,富邦,3,0,3,0,0,0,0,0,0,0,3.0,13,57,2,1,2,0,0,1,0,0,2,2,3,5,2022,右投右打,17,178(CM) / 73(KG),1991/04/11,https://www.cpbl.com.tw/files/atts/0L087782015655230766/張耿豪.jpg,3.0,6.0
1263,洪聖欽,AEO,富邦,2,0,2,0,0,0,0,0,0,0,2.1,15,49,5,0,2,0,0,0,0,0,4,3,6,2,2022,右投右打,79,183(CM) / 85(KG),1990/11/15,https://www.cpbl.com.tw/files/atts/0L087782014011351749/洪聖欽.jpg,0.0,12.86
5307,陳韋霖,AEO,富邦,2,0,2,0,0,0,0,0,0,0,1.1,5,16,0,0,1,0,0,0,0,0,0,0,2,2,2022,左投右打,30,177(CM) / 67(KG),1995/06/30,https://www.cpbl.com.tw/files/atts/0L088858798862927301/30陳韋霖.jpg,0.0,0.0
5555,陳冠偉,AAA,味全,49,0,49,0,0,0,3,2,9,8,46.0,180,716,26,1,15,2,2,61,2,0,17,16,28,48,2022,右投右打,59,183(CM) / 92(KG),1996/10/28,https://www.cpbl.com.tw/files/atts/0L088847998294364743/陳冠偉59.jpg,11.93,3.13
762,伍鐸,AAA,味全,47,6,41,0,0,0,7,4,22,1,83.0,347,1231,77,1,21,5,4,43,4,0,38,21,108,94,2022,右投右打,52,185(CM) / 91(KG),1986/10/24,https://www.cpbl.com.tw/files/atts/0L087781989991182030/伍鐸52.jpg,4.66,2.28
2278,王玉譜,AAA,味全,47,0,47,0,0,0,2,1,0,13,46.2,207,750,42,2,24,0,2,31,3,0,20,17,62,46,2022,左投左打,90,184(CM) / 81(KG),1996/01/18,https://www.cpbl.com.tw/files/atts/0L087782034995208781/王玉譜90.jpg,6.04,3.31
1404,羅華韋,AAA,味全,39,0,39,0,0,0,2,0,1,7,28.0,110,432,27,0,5,0,1,20,1,0,10,9,27,30,2022,左投左打,68,180(CM) / 74(KG),1990/12/01,https://www.cpbl.com.tw/files/atts/0L087782027191684710/羅華韋68.jpg,6.43,2.89
5788,林凱威,AAA,味全,33,0,33,0,0,0,0,3,0,18,33.1,139,526,33,2,7,0,1,26,0,0,15,9,31,41,2022,右投右打,99,178(CM) / 79(KG),1996/03/19,https://www.cpbl.com.tw/files/atts/0M250568257972241434/林凱威99.jpg,7.07,2.45
6159,林逸達,AAA,味全,31,0,31,0,0,0,1,0,0,9,29.0,131,531,23,0,17,0,4,23,0,0,11,10,35,29,2022,右投右打,48,185(CM) / 99(KG),2000/12/26,https://www.cpbl.com.tw/files/atts/0L088846831400830673/林逸達48.jpg,7.14,3.1
6215,趙璟榮,AAA,味全,31,0,31,0,0,0,2,0,0,2,32.1,135,555,26,3,14,0,0,29,2,0,16,12,41,25,2022,右投左打,42,181(CM) / 82(KG),1998/06/12,https://www.cpbl.com.tw/files/atts/0L088849370360363338/趙璟榮42.jpg,8.13,3.36
6496,布里悍,AAA,味全,29,29,0,1,0,0,12,9,0,0,182.1,779,2793,184,4,54,3,17,110,14,0,80,55,253,161,2022,右投右打,43,190(CM) / 95(KG),1988/02/10,https://www.cpbl.com.tw/files/atts/0L088844670664984059/布理翰11.jpg,5.44,2.72
6497,鋼龍,AAA,味全,28,28,0,0,0,0,12,6,0,0,174.1,704,2682,141,5,50,0,4,150,21,0,61,52,197,162,2022,右投右打,37,193(CM) / 97(KG),1990/06/26,https://www.cpbl.com.tw/files/atts/0L088850493829401912/鋼龍.jpg,7.75,2.69
5541,郭郁政,AAA,味全,26,16,10,0,0,0,7,9,0,1,99.2,431,1426,116,5,21,0,7,41,1,0,47,38,119,127,2022,右投右打,17,187(CM) / 94(KG),1997/12/01,https://www.cpbl.com.tw/files/atts/0L088847736471637771/郭郁政17.jpg,3.72,3.45
1394,羅國華,AAA,味全,19,0,19,0,0,0,1,1,0,2,16.2,74,264,17,1,4,0,3,4,0,0,12,9,26,20,2022,右投右打,00,178(CM) / 90(KG),1992/10/28,https://www.cpbl.com.tw/files/atts/0L087782022829299207/羅國華00.jpg,2.22,5.0
1603,王維中,AAA,味全,19,15,4,0,0,0,4,6,0,4,81.2,343,1295,73,4,28,0,1,68,1,0,38,29,93,80,2022,左投左打,16,188(CM) / 83(KG),1992/04/25,https://www.cpbl.com.tw/files/atts/0L087782025464643241/S0000001603.jpg,7.54,3.21
2280,廖任磊,AAA,味全,18,7,11,0,0,0,1,6,1,4,49.1,215,861,40,3,29,0,3,26,2,0,30,26,54,63,2022,右投右打,11,201(CM) / 125(KG),1993/08/30,https://www.cpbl.com.tw/files/atts/0L087782035539177708/廖任磊11.jpg,4.77,4.77
5552,呂偉晟,AAA,味全,16,0,16,0,0,0,0,1,0,3,13.2,75,288,17,2,14,0,2,8,2,0,19,14,23,11,2022,右投右打,39,192(CM) / 80(KG),1999/07/10,https://www.cpbl.com.tw/files/atts/0L088845795328942684/呂偉晟39.jpg,5.45,9.55
3644,陳明軒,AAA,味全,16,3,13,0,0,0,0,5,0,1,24.0,112,411,27,3,9,1,4,15,1,0,20,19,19,38,2022,右投右打,75,179(CM) / 80(KG),1993/09/17,https://www.cpbl.com.tw/files/atts/0L087782154993739453/0000003644.jpg,5.62,7.12
1821,林子昱,AAA,味全,15,11,4,0,0,0,2,4,1,2,63.2,282,1049,55,4,36,0,4,30,6,0,25,19,60,96,2022,右投右打,71,185(CM) / 80(KG),1993/09/19,https://www.cpbl.com.tw/files/atts/0L087782027366118278/林子昱71.jpg,4.27,2.71
3607,林羿豪,AAA,味全,10,0,10,0,0,0,0,0,0,0,9.2,44,167,8,1,4,0,3,3,0,0,4,4,10,16,2022,右投右打,47,188(CM) / 101(KG),1991/01/02,https://www.cpbl.com.tw/files/atts/0L087782150634669437/林羿豪.JPG,2.93,3.91
2279,吳俊杰,AAA,味全,8,2,6,0,0,0,0,1,0,0,19.1,87,326,24,1,9,0,1,8,3,0,12,12,17,28,2022,右投右打,20,190(CM) / 80(KG),1996/11/07,https://www.cpbl.com.tw/files/atts/0L087782039267693295/吳俊杰20.jpg,3.77,5.65
1524,劉昱言,AAA,味全,7,0,7,0,0,0,0,0,0,0,7.0,37,141,7,1,6,0,3,6,0,0,5,5,10,5,2022,左投左打,15,180(CM) / 88(KG),1994/07/27,https://www.cpbl.com.tw/files/atts/0L087782020192259737/劉昱言15.jpg,7.71,6.43
2660,廖文揚,AAA,味全,5,0,5,0,0,0,0,0,0,0,5.2,25,92,8,0,0,0,0,2,0,0,4,2,6,9,2022,右投右打,41,177(CM) / 81(KG),1987/10/10,https://www.cpbl.com.tw/files/atts/0L087782079633103559/93廖文揚.jpg,3.46,3.46
5554,黃東淯,AAA,味全,3,0,3,0,0,0,0,0,0,0,1.2,10,30,4,0,1,0,0,1,0,0,1,1,1,3,2022,右投右打,56,170(CM) / 72(KG),1998/04/27,https://www.cpbl.com.tw/files/atts/0L088848756646171239/黃東淯56.jpg,7.5,7.5
6723,張鈞守,AAA,味全,2,0,2,0,0,0,0,0,0,0,3.0,15,68,2,0,4,0,0,3,0,0,1,1,2,4,2022,右投右打,74,186(CM) / 84(KG),2002/10/15,https://www.cpbl.com.tw/files/atts/0L281591191218130417/張鈞守74.jpg,9.0,3.0
5372,呂詠臻,AAA,味全,2,1,1,0,0,0,0,0,0,0,6.0,23,83,4,0,3,0,0,2,0,0,1,1,8,6,2022,右投右打,40,179(CM) / 74(KG),1998/12/24,https://www.cpbl.com.tw/files/atts/0L088845926507890639/呂詠臻40.jpg,3.0,1.5
155,游宗儒,AAA,味全,2,0,2,0,0,0,0,0,0,1,1.1,9,25,5,0,1,0,0,1,0,0,4,4,0,2,2022,右投右打,0,181(CM) / 68(KG),1992/05/21,https://www.cpbl.com.tw/files/atts/0L087781882121355049/S0000000155.jpg,8.18,32.73
364,劉家愷,AAA,味全,2,0,2,0,0,0,0,0,0,2,2.0,9,31,3,0,1,0,0,2,0,0,0,0,1,2,2022,左投左打,87,181(CM) / 90(KG),1994/03/25,https://www.cpbl.com.tw/files/atts/0L087781910066736647/劉家愷87.jpg,9.0,0.0
6724,曹祐齊,AAA,味全,1,1,0,0,0,0,0,0,0,0,3.0,17,61,6,0,0,0,2,2,1,0,3,2,4,3,2022,右投右打,67,186(CM) / 87(KG),2003/03/30,https://www.cpbl.com.tw/files/atts/0L281591420277271441/曹祐齊67.jpg,6.0,6.0
5547,蔡明憲,AAA,味全,1,0,1,0,0,0,0,0,0,0,0.1,4,11,3,0,0,0,0,0,0,0,2,2,1,0,2022,右投右打,26,184(CM) / 74(KG),1998/11/29,https://www.cpbl.com.tw/files/atts/0L088850082651032149/蔡明憲26.jpg,0.0,180.0
6884,霸曼,AAA,味全,1,1,0,0,0,0,1,0,0,0,7.0,23,89,3,0,0,0,0,5,0,0,0,0,5,10,2022,左投左打,95,180(CM) / 89(KG),1987/12/09,https://www.cpbl.com.tw/files/atts/0M300589264870994098/霸曼.jpg,6.43,0.0
