YouBike2.0_一壽橋,2023-11-08 10:43:16,文山區,樟新街64號前方,16,1,15
YouBike2.0_一江公園,2023-11-08 10:43:16,中山區,一江街/松江路132巷口(西北側),22,18,4
YouBike2.0_三張犁,2023-11-08 10:43:16,信義區,光復南路455號前方,40,0,40
YouBike2.0_三民公園,2023-11-08 10:43:16,松山區,撫遠街298號對側公園,22,11,11
YouBike2.0_三民公園(塔悠路),2023-11-08 10:43:16,松山區,塔悠路/撫遠街261巷(西側),20,4,16
YouBike2.0_三民國中(民權東路六段47巷),2023-11-08 10:43:16,內湖區,民權東路六段47巷6號對側,13,2,11
YouBike2.0_三民路166巷口,2023-11-08 10:43:16,松山區,三民路166巷1號(對面),12,2,10
YouBike2.0_三興公園,2023-11-08 10:43:16,信義區,吳興街118巷35弄28號前方(三興公園),31,6,25
YouBike2.0_三興國小,2023-11-08 10:43:16,信義區,基隆路二段99-1號(前),22,2,20
YouBike2.0_三軍總醫院,2023-11-08 10:43:16,內湖區,成功路二段424號(對面),14,5,9
YouBike2.0_三軍總醫院(松山分院),2023-11-08 10:43:16,松山區,光復北路/光復北路190巷口(東南側),44,1,43
YouBike2.0_下埤公園,2023-11-08 10:43:16,中山區,民族東路512巷13弄4號,24,0,24
YouBike2.0_下灣公園,2023-11-08 10:43:16,內湖區,民權東路六段206巷/民權東路六段190巷75弄(西北側),16,3,12
YouBike2.0_下灣公園(成功路),2023-11-08 10:43:16,內湖區,成功路二段189號北側,16,3,13
YouBike2.0_世新大學,2023-11-08 10:43:16,文山區,木柵路一段17巷1號(西側),30,7,23
YouBike2.0_世紀經貿,2023-11-08 10:43:16,內湖區,內湖路一段396號,16,0,16
YouBike2.0_世貿三館,2023-11-08 10:43:16,信義區,市府路/松壽路口東南側,54,39,15
YouBike2.0_世貿公園,2023-11-08 10:43:16,南港區,經貿二路188-1號,35,15,20
YouBike2.0_中428公園,2023-11-08 10:43:16,中山區,樂群二路30巷/樂群二路116巷61弄,15,1,13
YouBike2.0_中429公園,2023-11-08 10:43:16,中山區,敬業三路177巷南側,15,0,15
YouBike2.0_中全公園,2023-11-08 10:43:16,信義區,虎林街164巷54號北側,34,1,33
YouBike2.0_中原公園,2023-11-08 10:43:16,中山區,新生北路二段45巷(中原公園西側),15,2,13
YouBike2.0_中原民生路口,2023-11-08 10:43:16,中山區,民生東路二段33號旁,15,2,13
YouBike2.0_中吉公園,2023-11-08 10:43:16,中山區,松江路170巷20號對側,15,6,9
YouBike2.0_中吉公園(松江路188巷),2023-11-08 10:43:16,中山區,松江路188巷11號對側,22,13,9
YouBike2.0_中和綠地,2023-11-08 10:43:16,北投區,中和街365號旁,13,1,12
YouBike2.0_中和街455巷11弄,2023-11-08 10:43:16,北投區,中和街455巷11弄6-8號(前),13,5,8
YouBike2.0_中和街493巷9弄口,2023-11-08 10:43:16,北投區,中和街493巷9弄2號對側,16,2,14
YouBike2.0_中國科技大學,2023-11-08 10:43:16,文山區,興隆路三段56號,21,6,15
YouBike2.0_中國醫藥大學附設醫院臺北分院,2023-11-08 10:43:16,內湖區,內湖路二段368號對側,13,1,12
YouBike2.0_中坡市民路口(東北側),2023-11-08 10:43:16,南港區,中坡北路/市民大道七段路口(東北側),19,6,13
YouBike2.0_中央北路四段30巷口,2023-11-08 10:43:16,北投區,中央北路四段32號(旁),16,13,3
YouBike2.0_中央北路四段540巷口,2023-11-08 10:43:16,北投區,中央北路四段529號(對面),19,2,17
YouBike2.0_中山中正路口,2023-11-08 10:43:16,士林區,中山北路五段609號(前),19,4,15
YouBike2.0_中山公民會館,2023-11-08 10:43:16,中山區,中山北路二段128巷口,20,2,18
YouBike2.0_中山北路二段59巷口,2023-11-08 10:43:16,中山區,中山北路二段59之3號前,12,2,8
YouBike2.0_中山北路二段62巷口,2023-11-08 10:43:16,中山區,中山北路二段66號前,12,9,3
YouBike2.0_中山北路五段698巷口,2023-11-08 10:43:16,士林區,中山北路五段692號前,15,2,13
YouBike2.0_中山堂,2023-11-08 10:43:16,中正區,武昌街一段與延平南路口,29,21,6
YouBike2.0_中山天母路口,2023-11-08 10:43:16,士林區,天母西路3-55號前人行道,29,1,27
YouBike2.0_中山徐州路口,2023-11-08 10:43:16,中正區,中山南路/徐州路(東南側),16,15,1
YouBike2.0_中山民族路口,2023-11-08 10:43:16,中山區,中山北路三段54號前,16,15,1
YouBike2.0_中山福國路口,2023-11-08 10:43:16,士林區,中山北路五段837號前,14,2,12
YouBike2.0_中山行政中心,2023-11-08 10:43:16,中山區,松江路/農安街口,30,23,7
YouBike2.0_中山農安街口,2023-11-08 10:43:16,中山區,中山北路三段25號前,17,17,0
YouBike2.0_中山青島路口,2023-11-08 10:43:16,中正區,中山南路/青島東路口(東北側),30,16,14
YouBike2.0_中崙福成宮,2023-11-08 10:43:16,松山區,市民大道四段73號前,31,2,29
YouBike2.0_中崙高中,2023-11-08 10:43:16,松山區,八德路四段91巷9號(對面),50,21,29
YouBike2.0_中庸公園,2023-11-08 10:43:16,北投區,珠海路1號旁,12,6,6
YouBike2.0_中正基河路口,2023-11-08 10:43:16,士林區,中正路420號前,28,17,11
YouBike2.0_中正運動中心,2023-11-08 10:43:16,中正區,信義路一段1號前,37,21,16
YouBike2.0_中正高中,2023-11-08 10:43:16,北投區,文林北路77號(前),31,19,12
YouBike2.0_中研公園,2023-11-08 10:43:16,南港區,研究院路二段12巷58弄9號西側,40,0,40
YouBike2.0_中研院人文社會科學館,2023-11-08 10:43:16,南港區,研究院路二段128號(人文社會科學館),20,11,9
YouBike2.0_中研院綜合體育館東側,2023-11-08 10:43:16,南港區,研究院路二段128號(體育館),30,17,13
YouBike2.0_中興公園,2023-11-08 10:43:16,南港區,研究院路二段70巷10弄/研究院路二段98巷,15,2,13
YouBike2.0_中華南海路口,2023-11-08 10:43:16,中正區,中華路二段343號前,15,2,13
YouBike2.0_中華峨嵋街口,2023-11-08 10:43:16,萬華區,中華路一段130號(前),24,18,6
YouBike2.0_中華桂林路口,2023-11-08 10:43:16,萬華區,中華路一段與桂林路口西北側,34,0,34
YouBike2.0_中華漢口街口,2023-11-08 10:43:16,中正區,中華路一段與漢口街一段路口,19,16,3
YouBike2.0_中華科技大學,2023-11-08 10:43:16,南港區,研究院路三段246號東側,20,10,10
YouBike2.0_中華貴陽街口,2023-11-08 10:43:16,中正區,貴陽街一段243之1號(前),20,10,10
YouBike2.0_中華路一段21巷口,2023-11-08 10:43:16,中正區,中華路一段11號(斜前方),22,2,20
YouBike2.0_中華路二段409巷口,2023-11-08 10:43:16,中正區,中華路二段403號前,15,4,11
YouBike2.0_九華公園,2023-11-08 10:43:16,內湖區,文湖街21巷68弄25-6號北側,16,0,16
YouBike2.0_五分埔公園,2023-11-08 10:43:16,信義區,中坡北路57號旁,18,1,17
YouBike2.0_五常公園,2023-11-08 10:43:16,信義區,松隆路161號對側,19,3,16
YouBike2.0_五常國中,2023-11-08 10:43:16,中山區,復興北路488巷2弄5號對側,16,0,16
YouBike2.0_五常街370巷,2023-11-08 10:43:16,松山區,五常街370巷8號,11,1,10
YouBike2.0_仁德公園,2023-11-08 10:43:16,中山區,吉林路108巷與南京東路二段21巷口東南側,18,3,15
YouBike2.0_仁愛國中,2023-11-08 10:43:16,大安區,安和路一段75號(對面),25,3,22
YouBike2.0_仁愛大安路口(東北側),2023-11-08 10:43:16,大安區,仁愛路四段37號前,21,18,2
YouBike2.0_仁愛安和路口,2023-11-08 10:43:16,大安區,仁愛路四段258號前,33,27,6
YouBike2.0_仁愛延吉街口,2023-11-08 10:43:16,大安區,仁愛路四段376號前,33,10,23
YouBike2.0_仁愛延吉路口(西北側),2023-11-08 10:43:16,大安區,仁愛路四段363號前,18,7,11
YouBike2.0_仁愛敦南圓環(東南側),2023-11-08 10:43:16,大安區,仁愛路四段110號前,16,12,4
YouBike2.0_仁愛敦南圓環(西北側),2023-11-08 10:43:16,大安區,仁愛路四段85號前,20,15,5
YouBike2.0_仁愛杭州路口,2023-11-08 10:43:16,中正區,仁愛路一段59號旁,15,14,1
YouBike2.0_仁愛林森路口,2023-11-08 10:43:16,中正區,仁愛路一段路口/林森南路(東北側),31,25,5
YouBike2.0_仁愛紹興街口(南側),2023-11-08 10:43:16,中正區,仁愛路一段/紹興南街口(南側),17,13,4
YouBike2.0_仁愛路四段122巷口,2023-11-08 10:43:16,大安區,仁愛路四段118號前,16,15,1
YouBike2.0_仁愛路四段48巷口,2023-11-08 10:43:16,大安區,仁愛路四段48巷/東豐街(北側),11,6,5
YouBike2.0_仁愛路四段496巷口,2023-11-08 10:43:16,信義區,仁愛路四段與仁愛路四段496巷口西南側,34,3,31
YouBike2.0_仁愛逸仙路口,2023-11-08 10:43:16,信義區,仁愛路四段/逸仙路口(西北側),28,3,25
YouBike2.0_仁愛醫院,2023-11-08 10:43:16,大安區,仁愛路四段/大安路一段口(西南側),36,30,6
YouBike2.0_仁愛金山路口,2023-11-08 10:43:16,中正區,仁愛路二段31號前,9,0,9
YouBike2.0_仁愛金山路口(東南側),2023-11-08 10:43:16,中正區,仁愛路二段48-4號前,14,0,14
YouBike2.0_介壽公園,2023-11-08 10:43:16,中正區,貴陽街懷寧街口(東北側),23,21,2
YouBike2.0_介壽國中,2023-11-08 10:43:16,松山區,民生東路五段36巷/光復北路165巷,12,6,6
YouBike2.0_仙岩公園,2023-11-08 10:43:16,文山區,仙岩路16巷37號旁,11,2,9
YouBike2.0_仙跡岩登山口(景興路),2023-11-08 10:43:16,文山區,景興街239號(前),22,2,20
YouBike2.0_伊通長安路口,2023-11-08 10:43:16,中山區,伊通街/長安東路二段(西南側路側),21,6,12
YouBike2.0_信義基隆路口,2023-11-08 10:43:16,信義區,信義路四段393號前,20,9,11
YouBike2.0_信義大安路口(信維大樓),2023-11-08 10:43:16,大安區,信義路四段74號(前),12,0,12
YouBike2.0_信義廣場(台北101),2023-11-08 10:43:16,信義區,松智路/信義路(東北側),96,50,46
YouBike2.0_信義延吉街口,2023-11-08 10:43:16,大安區,信義路四段353號,15,0,15
YouBike2.0_信義建國路口,2023-11-08 10:43:16,大安區,建國南路二段與信義路三段口西南側,38,0,38
YouBike2.0_信義敦化路口,2023-11-08 10:43:16,大安區,信義路四段155號前,46,4,42
YouBike2.0_信義杭州路口,2023-11-08 10:43:16,中正區,信義路一段21號前,47,41,6
YouBike2.0_信義松德路口,2023-11-08 10:43:16,信義區,信義路五段180號前,18,8,10
YouBike2.0_信義路三段134巷口,2023-11-08 10:43:16,大安區,信義路三段/信義路三段134巷口,19,0,19
YouBike2.0_信義路四段199巷,2023-11-08 10:43:16,大安區,信義路四段199巷/安和路一段90巷口,15,0,15
YouBike2.0_信義連雲街口,2023-11-08 10:43:16,中正區,信義路二段213號前,39,3,36
YouBike2.0_信義運動中心,2023-11-08 10:43:16,信義區,松勤街100號(前),35,16,19
YouBike2.0_健安新城,2023-11-08 10:43:16,松山區,三民路43巷1號前,30,1,29
YouBike2.0_健康新城,2023-11-08 10:43:16,松山區,健康路179號前,35,0,35
YouBike2.0_健康社會住宅,2023-11-08 10:43:16,松山區,健康路305號(前),20,1,19
YouBike2.0_僑安地下停車場(2號出口)東南側,2023-11-08 10:43:16,大安區,光復南路290巷5號,20,0,20
YouBike2.0_光信公園(光復南路456巷),2023-11-08 10:43:16,大安區,延吉街249號,15,1,14
YouBike2.0_光復信義路口東南側,2023-11-08 10:43:16,信義區,光復南路485號前方,16,0,16
YouBike2.0_光復北路11巷口,2023-11-08 10:43:16,松山區,光復北路13號(旁),23,12,11
YouBike2.0_光復南菸廠路口,2023-11-08 10:43:16,信義區,光復南路76號對側,25,14,11
YouBike2.0_光復南路22巷口,2023-11-08 10:43:16,松山區,光復南路19號西側,29,15,14
YouBike2.0_光復南路58巷,2023-11-08 10:43:16,松山區,光復南路58巷11號東側,12,0,11
YouBike2.0_光明溫泉路口,2023-11-08 10:43:16,北投區,光明路148號對側人行道,20,0,20
YouBike2.0_光華商場,2023-11-08 10:43:16,中正區,新生北路一段/市民大道三段口(西側),39,6,33
YouBike2.0_光輝公園,2023-11-08 10:43:16,文山區,光輝路7號後側,15,5,10
YouBike2.0_光輝路134巷口,2023-11-08 10:43:16,文山區,光輝路140號對側,15,1,14
YouBike2.0_克勤新村,2023-11-08 10:43:16,信義區,信安街67巷75號對側,18,15,3
YouBike2.0_兒童新樂園,2023-11-08 10:43:16,士林區,承德路五段55號(旁公車亭),23,10,12
YouBike2.0_內政部營建署,2023-11-08 10:43:16,松山區,八德路二段342號(前),33,6,20
YouBike2.0_內湖119號綠地,2023-11-08 10:43:16,內湖區,南京東路六段125號南側,24,14,10
YouBike2.0_內湖區農會,2023-11-08 10:43:16,內湖區,內湖路二段334號(前),12,1,11
YouBike2.0_內湖垃圾焚化廠,2023-11-08 10:43:16,內湖區,安康路290號西側,20,16,4
YouBike2.0_內湖機廠(港東街),2023-11-08 10:43:16,南港區,經貿一路77號(港東街),15,11,4
YouBike2.0_內湖行政中心,2023-11-08 10:43:16,內湖區,民權東路六段99號(前),25,0,25
YouBike2.0_內湖路一段120巷15弄,2023-11-08 10:43:16,內湖區,內湖路一段120巷15弄8號對側,19,15,4
YouBike2.0_內湖路一段288巷口,2023-11-08 10:43:16,內湖區,內湖路一段290號前,20,2,18
YouBike2.0_內湖路一段360巷,2023-11-08 10:43:16,內湖區,內湖路一段358號,15,8,7
YouBike2.0_內湖路一段47巷,2023-11-08 10:43:16,內湖區,內湖路一段47巷/內湖路一段47巷22弄,16,7,9
YouBike2.0_內湖路三段326巷口,2023-11-08 10:43:16,內湖區,內湖路三段326巷/內湖路三段,15,0,15
YouBike2.0_內湖路二段179巷口,2023-11-08 10:43:16,內湖區,內湖路二段179巷242號對側,16,2,14
YouBike2.0_內湖運動中心,2023-11-08 10:43:16,內湖區,洲子街12號前,21,0,21
YouBike2.0_內湖運動公園,2023-11-08 10:43:16,內湖區,舊宗路二段/民權東路六段11巷,17,9,8
YouBike2.0_內溝溪生態展示館,2023-11-08 10:43:16,內湖區,康樂街236-3號(前),16,5,11
YouBike2.0_全安公園,2023-11-08 10:43:16,大安區,安和路二段227巷16號對側,16,2,14
YouBike2.0_兩棵樹公園,2023-11-08 10:43:16,萬華區,艋舺大道與大理街160巷20弄口東側,17,8,9
YouBike2.0_八仙里辦公處,2023-11-08 10:43:16,北投區,北投路一段臨20號(旁),16,5,11
YouBike2.0_八德中坡路口,2023-11-08 10:43:16,南港區,八德路四段873號,26,0,26
YouBike2.0_八德市場,2023-11-08 10:43:16,大安區,市民大道三段170號,30,13,17
YouBike2.0_八德市場(北側),2023-11-08 10:43:16,中山區,建國南路一段/市民大道交叉口(北側),16,3,13
YouBike2.0_八德立體停車場,2023-11-08 10:43:16,松山區,八德路/松信路(西南側),16,1,15
YouBike2.0_八德路三段74巷口,2023-11-08 10:43:16,松山區,八德路三段74巷95號南側,17,3,14
YouBike2.0_八德路三段8巷口,2023-11-08 10:43:16,松山區,市民大道四段123號,15,4,10
YouBike2.0_八德路四段652巷口,2023-11-08 10:43:16,松山區,八德路四段650號南側,20,3,17
YouBike2.0_公舘承德路口,2023-11-08 10:43:16,北投區,承德路七段390號前,17,7,10
YouBike2.0_公館公園,2023-11-08 10:43:05,大安區,羅斯福路四段113巷基隆路四段41巷口,15,13,2
YouBike2.0_六福公園,2023-11-08 10:43:16,南港區,研究院路二段35巷23弄25號北側,19,0,19
YouBike2.0_凌雲五村(研究院路三段8巷),2023-11-08 10:43:16,南港區,研究院路三段10巷1號東側,26,9,17
YouBike2.0_凌雲市場,2023-11-08 10:43:16,南港區,研究院路三段68巷9號北側,20,9,11
YouBike2.0_前港公園(前港街),2023-11-08 10:43:16,士林區,前港街48號(對面),19,0,19
YouBike2.0_前港公園(福德宮),2023-11-08 10:43:16,士林區,後港街134巷/後港街口,18,10,6
YouBike2.0_劍潭基河路口,2023-11-08 10:43:16,士林區,劍潭路基河路口(捷運站橋下空間),20,9,7
YouBike2.0_劍潭抽水站,2023-11-08 10:43:16,士林區,通河東街325巷/通河東街口,17,1,16
YouBike2.0_劍潭海外青年活動中心,2023-11-08 10:43:16,士林區,中山北路4段/通河街口,23,4,19
YouBike2.0_劍潭海外青年活動中心_1,2023-11-08 10:43:16,士林區,通河街 / 通河街2巷(南側),24,1,23
YouBike2.0_劍潭社區,2023-11-08 10:43:16,中山區,通北街146巷2弄2號(對面公園),13,0,13
YouBike2.0_劍潭社區_1,2023-11-08 10:43:16,中山區,通北街143號前,18,1,17
YouBike2.0_劍潭郵局,2023-11-08 10:43:16,士林區,基河路/承德路四段77巷口(捷運橋下),16,3,13
YouBike2.0_力行橋(南港),2023-11-08 10:43:16,南港區,研究院路一段101巷16弄2號南側,18,2,16
YouBike2.0_加瑪科技中心,2023-11-08 10:43:16,內湖區,內湖路一段360巷17-19號,13,4,7
YouBike2.0_北勢湖環保公園,2023-11-08 10:43:16,內湖區,內湖路一段66-72號前方公園,15,4,11
YouBike2.0_北勢湖環保公園(堤頂大道側),2023-11-08 10:43:16,內湖區,堤頂大道二段501號前,14,0,14
YouBike2.0_北安大直街口,2023-11-08 10:43:16,中山區,北安路676號前人行道,15,2,13
YouBike2.0_北平東杭州北路口,2023-11-08 10:43:16,中正區,北平東路/杭州北路口(東北側),20,8,12
YouBike2.0_北平紹興路口,2023-11-08 10:43:16,中正區,北平東路30號對側人行道,15,3,12
YouBike2.0_北投公園露天溫泉,2023-11-08 10:43:16,北投區,中山路6號西側(北投溪木道西側),15,1,14
YouBike2.0_北投奇岩長青樂活大樓,2023-11-08 10:43:16,北投區,三合街一段119號(前),15,5,10
YouBike2.0_北投文化公園(北側),2023-11-08 10:43:16,北投區,文化三路2號西側公園,15,0,15
YouBike2.0_北投運動中心,2023-11-08 10:43:16,北投區,石牌路一段39巷100號(旁),60,6,54
YouBike2.0_協和祐德高級中學,2023-11-08 10:43:16,信義區,中坡南路51號對側,20,3,17
YouBike2.0_南京一江街口,2023-11-08 10:43:16,中山區,南京東路二段85號前,10,1,9
YouBike2.0_南京伊通街口,2023-11-08 10:43:16,中山區,南京東路二段178-1號,11,3,7
YouBike2.0_南京光復路口,2023-11-08 10:43:16,松山區,南京東路四段186號前,31,9,22
YouBike2.0_南京太原路口,2023-11-08 10:43:16,大同區,南京西路/太原路(東側),18,1,17
YouBike2.0_南京建國路口,2023-11-08 10:43:16,中山區,南京東路二段/建國北路二段(北側),42,12,30
YouBike2.0_南京新生路口,2023-11-08 10:43:16,中山區,新生北路一段/南京東路一段口(橋墩下方),34,1,33
YouBike2.0_南京東興路口,2023-11-08 10:43:16,松山區,南京東路五段 / 東興路口(北側),30,1,29
YouBike2.0_南京東路五段59巷口,2023-11-08 10:43:16,松山區,南京東路五段57號(前),11,0,11
YouBike2.0_南京東路六段180號,2023-11-08 10:43:16,內湖區,南京東路六段180號北側,21,1,20
YouBike2.0_南京東路六段368巷,2023-11-08 10:43:16,內湖區,南京東路六段382號西南側,47,36,11
YouBike2.0_南京東路四段179巷口,2023-11-08 10:43:16,松山區,南京東路四段163號(前),13,2,11
YouBike2.0_南京林森路口(東南側),2023-11-08 10:43:16,中山區,南京東路一段86號前,10,0,10
YouBike2.0_南京遼寧街口,2023-11-08 10:43:16,中山區,南京東路三段189號(對面),42,3,39
YouBike2.0_南京龍江路口,2023-11-08 10:43:16,中山區,南京東路三段121號前,15,11,4
YouBike2.0_南昌公園,2023-11-08 10:43:16,中正區,和平西路一段與南昌路二段口西北側,41,5,36
YouBike2.0_南機場夜市(中華路二段),2023-11-08 10:43:16,中正區,中華路二段305巷至307巷,41,3,38
YouBike2.0_南海和平路口西南側,2023-11-08 10:43:16,中正區,南海路與和平西路二段西南側,19,5,14
YouBike2.0_南港公園(東新街),2023-11-08 10:43:16,南港區,東新街170巷1號西南側,20,2,18
YouBike2.0_南港公園(東新街170巷),2023-11-08 10:43:16,南港區,東新街170巷63號對側,16,3,13
YouBike2.0_南港公園(福德街),2023-11-08 10:43:16,南港區,福德街383號北側,32,17,15
YouBike2.0_南港出租國宅社區,2023-11-08 10:43:16,南港區,福德街373巷80號前,25,5,20
YouBike2.0_南港加壓站,2023-11-08 10:43:16,南港區,研究院路二段3巷1號西側,24,0,24
YouBike2.0_南港國小,2023-11-08 10:43:16,南港區,惠民街67號東南側,30,16,14
YouBike2.0_南港展覽館2館,2023-11-08 10:43:16,南港區,經貿二路/南港路一段(西北側),18,1,17
YouBike2.0_南港抽水站,2023-11-08 10:43:16,南港區,重陽路505號,13,2,11
YouBike2.0_南港東新街口,2023-11-08 10:43:16,南港區,東新街4號東側,28,0,28
YouBike2.0_南港疏散門(基三號疏散門),2023-11-08 10:43:16,南港區,松河街398號對側,15,1,14
YouBike2.0_南港路三段130巷口,2023-11-08 10:43:16,南港區,松河街380號對側,12,4,8
YouBike2.0_南港路三段190巷口,2023-11-08 10:43:16,南港區,松河街358號對側,16,7,9
YouBike2.0_南港路三段220巷口,2023-11-08 10:43:16,南港區,南港路三段133號,25,5,20
YouBike2.0_南港路三段290巷口,2023-11-08 10:43:16,南港區,南港路三段314巷20號,20,0,19
YouBike2.0_南港路三段80巷,2023-11-08 10:43:16,南港區,南港路三段/南港路三段80巷,15,6,9
YouBike2.0_南港路二段178巷口,2023-11-08 10:43:16,南港區,南港路二段 / 南港路二段178巷口(北側),18,10,8
YouBike2.0_南港車站(市民大道),2023-11-08 10:43:16,南港區,南港路一段313號(市民大道),30,4,26
YouBike2.0_南港車站(忠孝東路),2023-11-08 10:43:16,南港區,忠孝東路七段/興中路(西北側),24,0,24
YouBike2.0_南港車站(忠孝東路七段415巷),2023-11-08 10:43:16,南港區,忠孝東路七段510號西北側,11,1,9
YouBike2.0_南港車站(興華路),2023-11-08 10:43:16,南港區,興華路/市民大道八段路口西北側人行道,48,7,41
YouBike2.0_南港車站B棟(市民大道),2023-11-08 10:43:16,南港區,忠孝東路七段359號(市民大道),16,7,9
YouBike2.0_南港軟體園區(新民街),2023-11-08 10:43:16,南港區,新民街15號北側,19,9,10
YouBike2.0_南港高中(昆陽街),2023-11-08 10:43:16,南港區,昆陽街58號東側,14,9,5
YouBike2.0_南湖大橋(經貿二路255巷),2023-11-08 10:43:16,南港區,經貿二路255巷1號,20,14,6
YouBike2.0_南門國中,2023-11-08 10:43:16,中正區,廣州街8巷/廣州街口東南側,29,16,9
YouBike2.0_博嘉運動公園,2023-11-08 10:43:16,文山區,木柵路四段159巷16號,12,2,10
YouBike2.0_原住民文化主題公園,2023-11-08 10:43:16,士林區,至善路二段280號(對面),21,10,11
YouBike2.0_原臺北刑務所官舍,2023-11-08 10:43:16,大安區,金華街78號對側,23,13,10
YouBike2.0_古亭國中,2023-11-08 10:43:16,萬華區,中華路二段465號對側,20,9,11
YouBike2.0_古亭智慧圖書館,2023-11-08 10:43:16,中正區,中華路二段443巷45號前,14,2,12
YouBike2.0_台北市替代役中心,2023-11-08 10:43:16,中正區,汀州路三段8號前,15,1,14
YouBike2.0_台北市災害應變中心,2023-11-08 10:43:16,信義區,莊敬路391巷11弄2號(東北側),53,1,52
YouBike2.0_台北數位產業園區,2023-11-08 10:43:16,大同區,承德路三段287號前方,24,1,22
YouBike2.0_台北科技大學億光大樓,2023-11-08 10:43:16,大安區,忠孝東路三段81號,46,17,27
YouBike2.0_台北花木批發市場,2023-11-08 10:43:16,文山區,萬盛街/興隆路一段(西北側),32,1,31
YouBike2.0_台北護理大學,2023-11-08 10:43:16,北投區,石牌路二段100號(前),28,4,24
YouBike2.0_台泥大樓,2023-11-08 10:43:16,中山區,中山北路二段113-133號前,18,3,15
YouBike2.0_台灣世曦大樓,2023-11-08 10:43:16,內湖區,陽光街323號,16,14,2
YouBike2.0_合心廣場,2023-11-08 10:43:16,南港區,忠孝東路六段17號東北側,43,10,33
YouBike2.0_合昌宮,2023-11-08 10:43:16,大同區,環河北路二段371號旁,15,5,10
YouBike2.0_合樂公園,2023-11-08 10:43:16,南港區,玉成街46號東側,15,1,14
YouBike2.0_吉林路123巷口,2023-11-08 10:43:16,中山區,吉林路125號前,13,0,13
YouBike2.0_吉林路407巷口,2023-11-08 10:43:16,中山區,吉林路401號前,15,1,14
YouBike2.0_向陽公園,2023-11-08 10:43:16,南港區,成功路一段76號對側,17,0,17
YouBike2.0_向陽南港路口,2023-11-08 10:43:16,南港區,向陽路49號北側,21,18,3
YouBike2.0_吳興公車總站,2023-11-08 10:43:16,信義區,松仁路277號南側,56,4,51
YouBike2.0_吳興街260巷,2023-11-08 10:43:16,信義區,吳興街260巷/吳興街260巷21弄口(東南側),32,5,27
YouBike2.0_吳興街284巷(廣安宮),2023-11-08 10:43:16,信義區,吳興街284巷23號對側,15,4,11
YouBike2.0_吳興街284巷36弄口,2023-11-08 10:43:16,信義區,吳興街284巷36弄24號西側,25,3,22
YouBike2.0_吳興街394巷口,2023-11-08 10:43:16,信義區,吳興街394巷/吳興街,12,0,12
YouBike2.0_和信治癌中心醫院,2023-11-08 10:43:16,北投區,立德路125號,18,10,8
YouBike2.0_和平公園東側,2023-11-08 10:43:05,大安區,和平東路二段118巷33號,11,0,11
YouBike2.0_和平實小東北側,2023-11-08 10:43:05,大安區,敦南街73號,13,13,0
YouBike2.0_和平復興路口西北側,2023-11-08 10:43:05,大安區,復興南路二段236號,9,0,8
YouBike2.0_和平敦化路口,2023-11-08 10:43:16,大安區,和平東路三段 / 敦化南路二段口(東側),25,2,23
YouBike2.0_和平新生路口西南側,2023-11-08 10:43:16,大安區,新生南路三段2號前,13,0,13
YouBike2.0_和平東建國南路口,2023-11-08 10:43:16,大安區,和平東路/建國南路口(北側),17,7,10
YouBike2.0_和平東路三段291號,2023-11-08 10:43:16,信義區,和平東路三段291號前,15,1,14
YouBike2.0_和平東路三段341巷口,2023-11-08 10:43:16,信義區,和平東路三段341巷63號對側,16,0,16
YouBike2.0_和平東路三段530巷口,2023-11-08 10:43:16,信義區,和平東路三段530巷口東北側,15,8,7
YouBike2.0_和平東路三段631巷口,2023-11-08 10:43:16,信義區,和平東路三段633號前,15,8,7
YouBike2.0_和平東路二段18巷口,2023-11-08 10:43:16,大安區,辛亥路二段43號前,24,0,24
YouBike2.0_和平泰順街口,2023-11-08 10:43:16,大安區,和平東路一段/泰順街口東南側,9,1,8
YouBike2.0_和平臥龍街口,2023-11-08 10:43:05,大安區,臥龍街1號,15,5,10
YouBike2.0_和平西路二段190巷口,2023-11-08 10:43:16,萬華區,和平西路二段190巷11號前,17,0,17
YouBike2.0_和平重慶路口,2023-11-08 10:43:16,中正區,和平西路一段/福州街口東側,46,13,32
YouBike2.0_和平金山路口,2023-11-08 10:43:16,大安區,和平東路一段/金山南路二段西南側,45,2,43
YouBike2.0_和平龍泉街口,2023-11-08 10:43:16,大安區,和平東路一段/龍泉街口西南側,34,1,33
YouBike2.0_和興路26巷口,2023-11-08 10:43:16,文山區,和興路44巷 / 和興路26巷口,15,5,10
YouBike2.0_啟明學校,2023-11-08 10:43:16,士林區,忠誠路二段200號(新光三越天母店)對側,16,7,9
YouBike2.0_喬治工商,2023-11-08 10:43:16,大安區,基隆路二段166號,24,0,24
YouBike2.0_嘉興公園,2023-11-08 10:43:16,大安區,樂業街101巷3號西北側,44,7,37
YouBike2.0_嘉興街175巷口,2023-11-08 10:43:16,信義區,基隆路二段131-4號(前),16,0,15
YouBike2.0_四維路170巷口,2023-11-08 10:43:16,大安區,敦化南路二段92號對側中央分隔島,22,8,14
YouBike2.0_國北教大側門南側,2023-11-08 10:43:05,大安區,敦南街51號,25,25,0
YouBike2.0_國北教大實小東側門,2023-11-08 10:43:05,大安區,和平東路二段96巷7號,16,0,16
YouBike2.0_國家圖書館,2023-11-08 10:43:16,中正區,中山南路20號前,36,32,4
YouBike2.0_國家生技園區,2023-11-08 10:43:16,南港區,研究院路一段130巷99號(國家生技園區),30,16,13
YouBike2.0_國家音樂廳,2023-11-08 10:43:16,中正區,信義路一段(國家音樂廳西北側),22,6,15
YouBike2.0_國立政治大學,2023-11-08 10:43:16,文山區,指南路二段153號(對面),35,13,22
YouBike2.0_國立政治大學(萬壽路),2023-11-08 10:43:16,文山區,萬壽路16巷6號(前),54,27,27
YouBike2.0_國立故宮博物院,2023-11-08 10:43:16,士林區,力行街8號(對面),17,2,15
YouBike2.0_國立臺北大學(臺北校區),2023-11-08 10:43:16,中山區,民生東路三段67號前,38,21,17
YouBike2.0_國興中華路口,2023-11-08 10:43:16,萬華區,國興路2號前,14,8,5
YouBike2.0_國興水源路口,2023-11-08 10:43:16,萬華區,國興路1巷15號對側,14,2,12
YouBike2.0_國興青年路口,2023-11-08 10:43:16,萬華區,國興路與青年路口西南側,43,8,34
YouBike2.0_國防大學政治作戰學院,2023-11-08 10:43:16,北投區,中央北路二段167號(對面),45,12,33
YouBike2.0_國防醫學院,2023-11-08 10:43:16,內湖區,民權東路六段161號前側,15,2,13
YouBike2.0_國順公園,2023-11-08 10:43:16,大同區,昌吉街117號前,20,2,17
YouBike2.0_園區重陽路口,2023-11-08 10:43:16,南港區,重陽路458號西側,13,8,5
YouBike2.0_圓山線形公園,2023-11-08 10:43:16,大同區,玉門街/民族西路(西北側),14,9,4
YouBike2.0_圓山風景區,2023-11-08 10:43:16,中山區,北安路/北安路77巷口(西北側),15,6,9
YouBike2.0_圓環站,2023-11-08 10:43:16,大同區,重慶北路一段128號前,28,6,22
YouBike2.0_坤天亭,2023-11-08 10:43:16,士林區,延平北路八段96巷15號(前),14,4,10
YouBike2.0_培英公園,2023-11-08 10:43:16,中山區,崇實路/大直街62巷(東南側),30,18,12
YouBike2.0_基河文林路口,2023-11-08 10:43:16,士林區,基河路3-1號對側人行道,16,14,2
YouBike2.0_基隆光復路口,2023-11-08 10:43:16,信義區,基隆路二段/光復南路(東北側),17,0,17
YouBike2.0_基隆忠孝路口西南側,2023-11-08 10:43:16,信義區,忠孝東路四段550號,14,7,7
YouBike2.0_基隆路一段101巷口,2023-11-08 10:43:16,信義區,基隆路一段109-6號前,23,3,20
YouBike2.0_基隆路二段159巷口,2023-11-08 10:43:16,信義區,基隆路二段155號,14,2,12
YouBike2.0_基隆長興路口,2023-11-08 10:43:16,大安區,基隆路/長興街(東南側),43,0,43
YouBike2.0_基隆長興路口東側,2023-11-08 10:43:05,大安區,基隆長興路口東側,15,0,15
YouBike2.0_堤頂大道二段407巷口,2023-11-08 10:43:16,內湖區,堤頂大道二段405號前,15,11,4
YouBike2.0_堤頂大道新湖一路口,2023-11-08 10:43:16,內湖區,堤頂大道一段215號前,13,6,7
YouBike2.0_塔悠八德路口,2023-11-08 10:43:16,松山區,塔悠路2號(旁),34,0,34
YouBike2.0_塔悠基隆路口(麥帥一橋下),2023-11-08 10:43:16,松山區,南京東路五段386號前,20,2,18
YouBike2.0_塔悠疏散門,2023-11-08 10:43:16,松山區,民權東路五段41之1號,32,14,18
YouBike2.0_士商路40巷口,2023-11-08 10:43:16,士林區,士商路40巷2號旁,15,7,5
YouBike2.0_士東路91巷口,2023-11-08 10:43:16,士林區,士東路91巷3號旁,16,1,15
YouBike2.0_士林3號廣場,2023-11-08 10:43:16,士林區,中山北路六段81號(旁),30,24,6
YouBike2.0_士林區農會社子分部,2023-11-08 10:43:16,士林區,社子街162號旁,8,0,8
YouBike2.0_士林新天地,2023-11-08 10:43:16,士林區,大南路325號前方,29,17,12
YouBike2.0_士林運動中心,2023-11-08 10:43:16,士林區,士商路1號(前),30,9,20
YouBike2.0_士林高商,2023-11-08 10:43:16,士林區,士商路150號(校門旁),26,8,18
YouBike2.0_外交部外交及國際事務學院,2023-11-08 10:43:16,大安區,敦化南路一段280號,17,16,1
YouBike2.0_大佳社區公園,2023-11-08 10:43:16,中山區,濱江街154巷對側,15,8,7
YouBike2.0_大同16號廣場,2023-11-08 10:43:16,大同區,環河北路一段/民生西路口(東南側),14,0,14
YouBike2.0_大同行政中心,2023-11-08 10:43:16,大同區,昌吉街63號旁,16,3,12
YouBike2.0_大同運動中心,2023-11-08 10:43:16,大同區,大龍街51號(旁),16,2,14
YouBike2.0_大安區健康服務中心,2023-11-08 10:43:05,大安區,辛亥路三段15號,15,0,15
YouBike2.0_大安運動中心,2023-11-08 10:43:16,大安區,辛亥路三段55號前方人行道(大安運動中心),27,1,26
YouBike2.0_大安運動中心停車場,2023-11-08 10:43:05,大安區,敦南街76巷28號,14,1,13
YouBike2.0_大安高工,2023-11-08 10:43:16,大安區,復興南路二段52號(前),23,0,23
YouBike2.0_大度立德路口,2023-11-08 10:43:16,北投區,大度路三段立德路口(西北側),18,11,7
YouBike2.0_大業大同街口,2023-11-08 10:43:16,北投區,大業路671號(對面),42,3,38
YouBike2.0_大業路300巷口,2023-11-08 10:43:16,北投區,大業路302號(前),20,14,6
YouBike2.0_大業路65巷口,2023-11-08 10:43:16,北投區,大業路/大業路65巷口,15,10,5
YouBike2.0_大港墘公園(洲子街),2023-11-08 10:43:16,內湖區,洲子街/瑞光路393巷,18,0,17
YouBike2.0_大湖國小,2023-11-08 10:43:16,內湖區,大湖山莊街/大湖山莊街176巷(東南側),25,0,25
YouBike2.0_大理高中,2023-11-08 10:43:16,萬華區,環河南路二段與西藏路口東側,37,35,2
YouBike2.0_大直街94巷,2023-11-08 10:43:16,中山區,大直街94巷口,15,2,13
YouBike2.0_大稻埕公園,2023-11-08 10:43:16,大同區,安西街1巷7號(對側),35,19,15
YouBike2.0_大稻埕碼頭,2023-11-08 10:43:16,大同區,大稻埕疏散門(淡五號水門)外,35,14,21
YouBike2.0_大興光明路2巷口,2023-11-08 10:43:16,北投區,大興街50號對側人行道,14,4,10
YouBike2.0_大豐公園,2023-11-08 10:43:16,北投區,大興街145號前,39,1,38
YouBike2.0_大都會客運內湖站,2023-11-08 10:43:16,內湖區,民權東路六段11巷25號對側,15,2,13
YouBike2.0_大龍公園,2023-11-08 10:43:16,大同區,大龍街217號對側,18,1,17
YouBike2.0_大龍峒社會住宅,2023-11-08 10:43:16,大同區,承德路三段210號旁,20,6,13
YouBike2.0_大龍市場,2023-11-08 10:43:16,大同區,重慶北路三段335巷13號對面,15,0,15
YouBike2.0_大龍老人住宅,2023-11-08 10:43:16,大同區,民族西路82號前方,14,3,10
YouBike2.0_天和公園,2023-11-08 10:43:16,士林區,天母東路69巷30號(前方路側),13,4,9
YouBike2.0_天母公園,2023-11-08 10:43:16,士林區,中山北路七段141巷30號對側,12,10,2
YouBike2.0_天母北天玉街口,2023-11-08 10:43:16,士林區,天母北路33號(前),15,0,15
YouBike2.0_天母東路8巷/忠誠路二段154巷口,2023-11-08 10:43:16,士林區,天母東路8巷57號對側,14,2,10
YouBike2.0_天母棒球場,2023-11-08 10:43:16,士林區,忠誠路二段122號(對面),26,7,18
YouBike2.0_天母運動公園,2023-11-08 10:43:16,士林區,忠誠路二段/忠誠路二段207巷(東南側),27,0,27
YouBike2.0_天津北平路口,2023-11-08 10:43:16,中正區,天津街1號對側人行道,15,1,14
YouBike2.0_太原五原路口,2023-11-08 10:43:16,大同區,太原路 / 五原路口(東南側),24,3,18
YouBike2.0_太原廣場,2023-11-08 10:43:16,大同區,鄭州路23號(旁),31,6,24
YouBike2.0_太陽科技廣場,2023-11-08 10:43:16,內湖區,內湖路一段91巷16號對側,16,0,16
YouBike2.0_奇岩4號綠地,2023-11-08 10:43:16,北投區,三合街一段79巷16號(對面),12,1,11
YouBike2.0_奇岩一號公園,2023-11-08 10:43:16,北投區,磺港路/清江路177巷(東側),24,0,24
YouBike2.0_威剛科技總部,2023-11-08 10:43:16,內湖區,潭美街537號前,25,8,17
YouBike2.0_孫立人將軍官邸,2023-11-08 10:43:16,中正區,南昌路一段136號前,23,9,14
YouBike2.0_安和路二段181巷口,2023-11-08 10:43:16,大安區,安和路二段185號,17,7,10
YouBike2.0_安康公園,2023-11-08 10:43:16,內湖區,五分街14巷31號(對面),19,9,10
YouBike2.0_安康路32巷24弄,2023-11-08 10:43:16,內湖區,安康路32巷24弄22號,21,13,8
YouBike2.0_安強公園,2023-11-08 10:43:16,信義區,虎林街222巷55號,20,5,15
YouBike2.0_安泰街(康樂橋下),2023-11-08 10:43:16,內湖區,安泰街(康樂橋下),15,0,15
YouBike2.0_安泰街83巷,2023-11-08 10:43:16,內湖區,安泰街83巷3號(對面),30,16,14
YouBike2.0_安湖三號公園,2023-11-08 10:43:16,內湖區,東湖路113巷49弄3號北側,12,0,12
YouBike2.0_安湖公園,2023-11-08 10:43:16,內湖區,東湖路113巷95弄/康寧路三段75巷,8,0,8
YouBike2.0_宏匯瑞光廣場(港墘路),2023-11-08 10:43:16,內湖區,瑞光路355號前(港墘路側人行道),20,1,19
YouBike2.0_宏匯瑞光廣場(瑞光路),2023-11-08 10:43:16,內湖區,瑞光路353號前(瑞光路側人行道),16,1,15
YouBike2.0_客家文化主題公園,2023-11-08 10:43:16,中正區,師大路/金門街11巷口對側人行道,15,1,13
YouBike2.0_富台公園,2023-11-08 10:43:16,信義區,松信路209號旁,25,9,16
YouBike2.0_富民路145巷口,2023-11-08 10:43:16,萬華區,富民路151號對側,20,12,5
YouBike2.0_實踐國中,2023-11-08 10:43:16,文山區,忠順街一段2號(旁),14,3,11
YouBike2.0_實踐國中(木新路三段310巷口),2023-11-08 10:43:16,文山區,忠順街一段木新路三段310巷口,17,4,13
YouBike2.0_寧夏涼州街口,2023-11-08 10:43:16,大同區,寧夏路141號對側,15,3,9
YouBike2.0_寶慶博愛路口,2023-11-08 10:43:16,中正區,博愛路162號,27,16,10
YouBike2.0_寶清公園,2023-11-08 10:43:16,松山區,寶清街/寶清街30巷(北側),13,3,10
YouBike2.0_寶興長泰街口(西南角),2023-11-08 10:43:16,萬華區,寶興街/長泰街(西南側),17,1,16
YouBike2.0_寶藏巖觀音亭,2023-11-08 10:43:16,中正區,汀州路三段230巷23號,23,15,8
YouBike2.0_小彎社會住宅,2023-11-08 10:43:16,南港區,向陽路258巷/重陽路39巷口(西南側),51,1,50
YouBike2.0_峨嵋停車場,2023-11-08 10:43:16,萬華區,峨嵋街83號(旁),47,15,29
YouBike2.0_崇仰公園(公舘路255巷),2023-11-08 10:43:16,北投區,公舘路255巷43號東側道路對面,20,7,11
YouBike2.0_市府松壽路口,2023-11-08 10:43:16,信義區,市府路/松壽路(東北側),28,28,0
YouBike2.0_市府松高路口,2023-11-08 10:43:16,信義區,市府路/松高路(東南側),54,36,18
YouBike2.0_市民大道二段5巷口,2023-11-08 10:43:16,中山區,市民大道二段/市民大道二段5巷,15,1,14
YouBike2.0_市民大道八段532號,2023-11-08 10:43:16,南港區,市民大道八段532號北側,15,0,15
YouBike2.0_市民安東街口,2023-11-08 10:43:16,中山區,市民大道三段179號前,20,0,20
YouBike2.0_市民廣場,2023-11-08 10:43:16,信義區,市府路/松壽路(西北側),44,41,3
YouBike2.0_市民延吉街口,2023-11-08 10:43:16,松山區,市民大道/延吉街(市民大道橋下空地),30,0,30
YouBike2.0_市民復興路口(東南側),2023-11-08 10:43:16,大安區,市民大道四段/復興路一段口(東南側),16,2,14
YouBike2.0_市民敦化路口,2023-11-08 10:43:16,大安區,敦化南路一段111號前,15,6,8
YouBike2.0_市民新生路口,2023-11-08 10:43:16,中山區,新生北路一段36號前,15,4,11
YouBike2.0_市民東寧路口,2023-11-08 10:43:16,松山區,市民大道五段111號前,15,3,12
YouBike2.0_市民東興路口,2023-11-08 10:43:16,松山區,東興路33號南側,30,11,16
YouBike2.0_市民松信路口,2023-11-08 10:43:16,信義區,市民大道六段/松信路口(西側),20,13,7
YouBike2.0_市民林森路口,2023-11-08 10:43:16,中山區,市民大道二段/林森北路(東北側),29,4,25
YouBike2.0_市民金山路口,2023-11-08 10:43:16,中正區,金山市民大道口南側,30,1,29
YouBike2.0_市立圖書館葫蘆堵分館,2023-11-08 10:43:16,士林區,延平北路五段136巷1號前,13,0,13
YouBike2.0_師大公館校區學二舍,2023-11-08 10:43:16,文山區,臺灣師範大學學二舍西側人行道,40,0,40
YouBike2.0_師大水源路口,2023-11-08 10:43:16,中正區,師大路/水源路口(東南側),21,0,21
YouBike2.0_師範大學公館校區,2023-11-08 10:43:16,文山區,汀州路四段77號(旁),14,1,13
YouBike2.0_師範大學公館校區_1,2023-11-08 10:43:16,文山區,師大公館校區校門口(汀州路側),25,0,25
YouBike2.0_平安新城,2023-11-08 10:43:16,松山區,延壽街356巷/延壽街330巷16弄(東北側),16,2,14
YouBike2.0_幸安國小(仁愛路),2023-11-08 10:43:16,大安區,仁愛路三段22號,16,0,15
YouBike2.0_康寧公園(北側),2023-11-08 10:43:16,內湖區,康寧路三段60號南側,20,1,19
YouBike2.0_康寧星雲街口,2023-11-08 10:43:16,內湖區,康寧路一段116號,12,0,12
YouBike2.0_康寧路一段156巷20弄口,2023-11-08 10:43:16,內湖區,康寧路一段156巷/康寧路一段156巷20弄(西側),17,0,17
YouBike2.0_康寧路三段189巷93弄口,2023-11-08 10:43:16,內湖區,康寧路三段189巷/康寧路三段189巷93弄,14,2,12
YouBike2.0_康寧路三段54巷口,2023-11-08 10:43:16,內湖區,康寧路三段54-5號西側,15,9,6
YouBike2.0_康寧路三段99巷17弄口,2023-11-08 10:43:16,內湖區,康寧路三段99巷19號對側,15,5,10
YouBike2.0_康寧金湖路口,2023-11-08 10:43:16,內湖區,康寧路一段273號(對面),14,0,14
YouBike2.0_康樂抽水站,2023-11-08 10:43:16,內湖區,東湖路160巷23號,15,1,14
YouBike2.0_康樂綠地,2023-11-08 10:43:16,內湖區,康樂街191巷/康樂街,15,5,10
YouBike2.0_康樂街151巷,2023-11-08 10:43:16,內湖區,康樂街151巷/康樂街,14,0,14
YouBike2.0_康湖二號公園(康寧醫院),2023-11-08 10:43:16,內湖區,成功路五段420巷17號東側,16,12,4
YouBike2.0_廣慈博愛園區(西側),2023-11-08 10:43:16,信義區,福德街84巷15號對側,23,0,23
YouBike2.0_延壽街119巷口,2023-11-08 10:43:16,松山區,延壽街119巷/延壽街,15,0,15
YouBike2.0_延平北中正路口,2023-11-08 10:43:16,士林區,中正路613號(對面),30,2,28
YouBike2.0_延平北路五段257巷15弄口,2023-11-08 10:43:16,士林區,葫蘆街184號對側,11,4,7
YouBike2.0_延平北路五段257巷4弄口,2023-11-08 10:43:16,士林區,延平北路五段257巷17號前,15,1,14
YouBike2.0_延平北路八段133巷口,2023-11-08 10:43:16,士林區,延平北路八段133巷42號(對面),15,6,9
YouBike2.0_延平南路133巷口,2023-11-08 10:43:16,中正區,延平南路162號對側,17,16,1
YouBike2.0_延平國宅,2023-11-08 10:43:16,大同區,延平北路五段1-1號(對面),30,1,29
YouBike2.0_延平涼州街口,2023-11-08 10:43:16,大同區,延平北路二段/涼州街口(行人天橋下),14,1,13
YouBike2.0_建國五常街口,2023-11-08 10:43:16,中山區,建國北路三段/五常街,20,3,17
YouBike2.0_建國北路一段17巷,2023-11-08 10:43:16,中山區,建國北路一段17巷/八德路二段137巷口,45,7,38
YouBike2.0_建國北路高架橋下停車場G區,2023-11-08 10:43:16,中山區,建國北路高架橋下停車場G區,18,3,15
YouBike2.0_建國南路一段279巷口,2023-11-08 10:43:16,大安區,建國南路一段275號,32,9,23
YouBike2.0_建國和平路口西北側,2023-11-08 10:43:16,大安區,建國南路二段與和平東路二段口西北側,50,1,49
YouBike2.0_建國濟南路口,2023-11-08 10:43:16,大安區,建國南路一段/濟南路三段口(東南側),29,7,22
YouBike2.0_建國農安街口,2023-11-08 10:43:16,中山區,建國北路/農安街口(建國橋下),35,15,19
YouBike2.0_建國長安路口,2023-11-08 10:43:16,中山區,建國北路一段與長安東路二段口北側,20,15,5
YouBike2.0_建國長春路口,2023-11-08 10:43:16,中山區,建國北路/長春路口(南側),16,10,6
YouBike2.0_建國長春路口(北側),2023-11-08 10:43:16,中山區,建國北路/長春路口(北側),20,8,12
YouBike2.0_弘道國中,2023-11-08 10:43:16,中正區,公園路21號西北側,18,17,1
YouBike2.0_後港公園,2023-11-08 10:43:16,士林區,通河東街二段26號(旁公園),15,4,11
YouBike2.0_徐州杭州路口,2023-11-08 10:43:16,中正區,徐州路/杭州南路一段口(西北側),19,6,13
YouBike2.0_復源公園,2023-11-08 10:43:16,松山區,八德路三段106巷62號(對面),14,5,9
YouBike2.0_復盛公園,2023-11-08 10:43:16,松山區,八德路四段106巷/八德路四段106巷6弄口(東側),20,12,8
YouBike2.0_復興公園,2023-11-08 10:43:16,北投區,中和街61號對側,14,0,14
YouBike2.0_復興北路514巷口東側,2023-11-08 10:43:16,中山區,復興北路514巷66號前側,12,0,12
YouBike2.0_復興南路1段340巷口,2023-11-08 10:43:16,大安區,復興南路一段信義路三段147巷45弄口,38,36,2
YouBike2.0_復興南路一段126巷口,2023-11-08 10:43:16,大安區,復興南路一段126巷1號前,15,1,14
YouBike2.0_復興南路二段128巷口,2023-11-08 10:43:16,大安區,復興南路二段142之1號前,37,0,37
YouBike2.0_復興南路二段273號前,2023-11-08 10:43:05,大安區,復興南路二段273號西側,21,0,21
YouBike2.0_復興南路二段280號前,2023-11-08 10:43:05,大安區,復興南路二段280號,11,0,11
YouBike2.0_復興南路二段340巷口,2023-11-08 10:43:05,大安區,復興南路二段342號,11,0,11
YouBike2.0_復興市民路口,2023-11-08 10:43:16,中山區,復興南路一段36-9號前人行道,45,38,7
YouBike2.0_復興忠孝東路口(東南側),2023-11-08 10:43:16,大安區,復興南路一段191號前,28,4,24
YouBike2.0_復華公園,2023-11-08 10:43:16,中山區,南京東路三段109巷/龍江路120巷,20,15,5
YouBike2.0_復華花園新城,2023-11-08 10:43:16,萬華區,西藏路123號前,28,3,25
YouBike2.0_德安公園(四維路66巷),2023-11-08 10:43:16,大安區,四維路66巷6號北側,14,2,12
YouBike2.0_德昌寶興街口(西北角),2023-11-08 10:43:16,萬華區,寶興街186號(前),14,2,12
YouBike2.0_德昌街10巷口,2023-11-08 10:43:16,萬華區,德昌街15號(對面),10,3,2
YouBike2.0_德明財經科技大學,2023-11-08 10:43:16,內湖區,環山路一段56號南側,27,9,18
YouBike2.0_德行公園,2023-11-08 10:43:16,士林區,德行西路33號對側,14,8,6
YouBike2.0_德行東山路口,2023-11-08 10:43:16,士林區,德行東路/東山路(西北側),12,5,7
YouBike2.0_志成公園,2023-11-08 10:43:16,士林區,中正路/雨農路口(西北側),23,1,22
YouBike2.0_忠孝東路七段527巷口,2023-11-08 10:43:16,南港區,忠孝東路七段552號,15,1,14
YouBike2.0_忠孝東路三段217巷口,2023-11-08 10:43:16,大安區,忠孝東路三段229-1號前,34,0,34
YouBike2.0_忠孝東路五段215巷口,2023-11-08 10:43:16,信義區,忠孝東路五段/忠孝東路五段215巷,24,15,9
YouBike2.0_忠孝東路六段212巷口,2023-11-08 10:43:16,南港區,忠孝東路六段226號前,15,3,12
YouBike2.0_忠孝東路六段225巷口,2023-11-08 10:43:16,南港區,忠孝東路六段219號,35,0,35
YouBike2.0_忠孝東路六段278巷口,2023-11-08 10:43:16,南港區,忠孝東路/忠孝東路六段278巷,14,0,14
YouBike2.0_忠孝東路四段248巷口,2023-11-08 10:43:16,大安區,忠孝東路四段230號前,15,8,7
YouBike2.0_忠孝東路四段49巷口,2023-11-08 10:43:16,大安區,忠孝東路四段55號前,15,1,14
YouBike2.0_忠孝西重慶南路口,2023-11-08 10:43:16,中正區,忠孝西路一段100號前,33,24,7
YouBike2.0_忠德公園,2023-11-08 10:43:16,萬華區,東園街66巷20弄27號前,19,12,5
YouBike2.0_忠誠公園,2023-11-08 10:43:16,士林區,忠誠路一段18號(對面),14,4,10
YouBike2.0_忠誠忠義街口(北側),2023-11-08 10:43:16,士林區,忠誠路一段125號前,13,1,12
YouBike2.0_忠誠忠義街口(南側),2023-11-08 10:43:16,士林區,忠誠路一段109號前,14,2,11
YouBike2.0_忠誠路一段138號,2023-11-08 10:43:16,士林區,忠誠路一段138號(斜前方),15,5,10
YouBike2.0_忠誠路一段173巷口,2023-11-08 10:43:16,士林區,忠誠路一段177號(前),11,2,8
YouBike2.0_忠誠路二段53巷,2023-11-08 10:43:16,士林區,忠誠路2段53巷7號(對面),18,7,5
YouBike2.0_忠順區民活動中心,2023-11-08 10:43:16,文山區,忠順街二段22號前方人行道(忠順區民活動中心),15,2,13
YouBike2.0_恆光橋(老泉街),2023-11-08 10:43:16,文山區,老泉街/恆光街口,13,6,7
YouBike2.0_愛國金山路口,2023-11-08 10:43:16,大安區,愛國東路與杭州南路二段口西南側,33,11,20
YouBike2.0_懷生國中,2023-11-08 10:43:16,大安區,忠孝東路三段248巷30號,15,3,12
YouBike2.0_成功公園,2023-11-08 10:43:16,內湖區,成功路四段223巷/成功路四段223巷6弄,11,1,10
YouBike2.0_成功國宅,2023-11-08 10:43:16,大安區,和平東路三段1巷/四維路198巷口(西北側),36,2,34
YouBike2.0_成功路三段83號前,2023-11-08 10:43:16,內湖區,成功路三段83號前,11,1,10
YouBike2.0_成功路四段41巷口,2023-11-08 10:43:16,內湖區,成功路四段41巷6號前側,12,2,10
YouBike2.0_成功金龍路口,2023-11-08 10:43:16,內湖區,成功路四段188號,23,0,23
YouBike2.0_成德國中,2023-11-08 10:43:16,南港區,東新街118巷15號南側,26,0,26
YouBike2.0_成德立體停車場,2023-11-08 10:43:16,南港區,成福路/東新街80巷10弄,14,1,13
YouBike2.0_成德綠地,2023-11-08 10:43:16,南港區,東新街65號東南側,17,2,15
YouBike2.0_成淵高中,2023-11-08 10:43:16,大同區,錦西街與錦西街52巷口東北側,14,9,5
YouBike2.0_成福路197巷口,2023-11-08 10:43:16,南港區,成福路197巷/成福路,15,0,15
YouBike2.0_扶輪親恩公園,2023-11-08 10:43:16,內湖區,民權東路六段30號,17,0,17
YouBike2.0_承德劍潭路口,2023-11-08 10:43:16,士林區,承德路四段與劍潭路口西側,19,0,18
YouBike2.0_承德後港街口,2023-11-08 10:43:16,士林區,承德路四段/後港街口,11,0,11
YouBike2.0_承德昌吉街口,2023-11-08 10:43:16,大同區,承德路三段83號前,18,7,11
YouBike2.0_承德民權路口,2023-11-08 10:43:16,大同區,承德路二段239號前,17,16,1
YouBike2.0_承德民生西路口,2023-11-08 10:43:16,大同區,承德路二段137號前,11,3,8
YouBike2.0_承德石牌路口,2023-11-08 10:43:16,北投區,承德路七段與石牌路一段口北側,17,0,11
YouBike2.0_承德路七段188巷口,2023-11-08 10:43:16,北投區,承德路七段192-198號前,16,6,10
YouBike2.0_承德路七段280巷口,2023-11-08 10:43:16,北投區,承德路七段260號(前),17,10,7
YouBike2.0_承德路七段304巷口,2023-11-08 10:43:16,北投區,承德路七段306-308號(前),20,6,14
YouBike2.0_承德路三段8巷口,2023-11-08 10:43:16,大同區,承德路三段14號前,16,15,1
YouBike2.0_承德鄭州路口(市民高架下),2023-11-08 10:43:16,大同區,承德路一段/鄭州路口(市民高架下),38,13,24
YouBike2.0_指南路3段2巷,2023-11-08 10:43:16,文山區,指南路三段4號(旁),13,1,12
YouBike2.0_振興公園,2023-11-08 10:43:16,北投區,天母西路109號(對面),13,0,13
YouBike2.0_振興醫院,2023-11-08 10:43:16,北投區,明德路365號(前),36,26,7
YouBike2.0_捷運中山國中站,2023-11-08 10:43:16,中山區,復興北路386號南側,62,61,0
YouBike2.0_捷運中山國小站(2號出口),2023-11-08 10:43:16,中山區,捷運中山國小站(2號出口)後方,59,1,58
YouBike2.0_捷運中山國小站(4號出口),2023-11-08 10:43:16,中山區,民權東路一段/民權東路一段71巷口,20,1,19
YouBike2.0_捷運中山站(2號出口),2023-11-08 10:43:16,中山區,南京西路4號前,33,11,22
YouBike2.0_捷運中山站(3號出口),2023-11-08 10:43:16,中山區,南京西路1號前,21,2,19
YouBike2.0_捷運中山站(5號出口),2023-11-08 10:43:16,大同區,南京西路57號前,15,0,15
YouBike2.0_捷運中正紀念堂站(2號出口),2023-11-08 10:43:16,中正區,羅斯福路一段10號前,12,2,10
YouBike2.0_捷運中正紀念堂站(3號出口),2023-11-08 10:43:16,中正區,金華街17號前方,18,1,17
YouBike2.0_捷運中正紀念堂站(4號出口),2023-11-08 10:43:16,中正區,羅斯福路一段5號前方,21,0,21
YouBike2.0_捷運中正紀念堂站(5號出口),2023-11-08 10:43:16,中正區,捷運中正紀念堂站(5號出口)西側,29,2,26
YouBike2.0_捷運中正紀念堂站(6號出口),2023-11-08 10:43:16,中正區,捷運中正紀念堂站(6號出口)北側,17,2,15
YouBike2.0_捷運信義安和站(1號出口),2023-11-08 10:43:16,大安區,信義路四段225號前,33,0,33
YouBike2.0_捷運信義安和站(2號出口),2023-11-08 10:43:16,大安區,信義路四段188號前,26,1,25
YouBike2.0_捷運信義安和站(4號出口),2023-11-08 10:43:16,大安區,信義路四段252號前,30,1,29
YouBike2.0_捷運內湖站(1號出口),2023-11-08 10:43:16,內湖區,成功路四段182巷/成功路四段口(西側),28,14,13
YouBike2.0_捷運內湖站(2號出口),2023-11-08 10:43:16,內湖區,成功路四段167巷6弄2號(旁),10,4,6
YouBike2.0_捷運公館站(1號出口),2023-11-08 10:43:05,中正區,羅斯福路四段68號,12,1,11
YouBike2.0_捷運公館站(2號出口),2023-11-08 10:43:16,大安區,捷運公館站(2號出口)外側,99,0,99
YouBike2.0_捷運公館站(3號出口),2023-11-08 10:43:16,大安區,捷運公館站(3號出口)西側,90,1,89
YouBike2.0_捷運公館站(4號出口),2023-11-08 10:43:05,中正區,羅斯福路四段48號,12,3,9
YouBike2.0_捷運六張犁站,2023-11-08 10:43:16,大安區,和平東路三段410號,64,11,53
YouBike2.0_捷運劍南路站(1號出口),2023-11-08 10:43:16,中山區,北安路807號,21,7,1
YouBike2.0_捷運劍南路站(2號出口),2023-11-08 10:43:16,中山區,敬業三路11號(植福路側對面),86,0,86
YouBike2.0_捷運劍潭站(1號出口),2023-11-08 10:43:16,士林區,捷運劍潭站(1號出口)北側,70,34,36
YouBike2.0_捷運劍潭站(2號出口),2023-11-08 10:43:16,士林區,基河路18號(對面),79,27,47
YouBike2.0_捷運動物園站,2023-11-08 10:43:16,文山區,新光路二段30號(對面),57,25,32
YouBike2.0_捷運動物園站(2號出口),2023-11-08 10:43:16,文山區,新光路二段28號前,39,0,39
YouBike2.0_捷運北投站,2023-11-08 10:43:16,北投區,光明路2巷3號(對面),30,18,12
YouBike2.0_捷運北投站(1號出口),2023-11-08 10:43:16,北投區,光明路2巷/光明路交叉口,58,28,14
YouBike2.0_捷運北投站(1號出口)(北投路側),2023-11-08 10:43:16,北投區,捷運北投站(1號出口)(北投路側),31,22,6
YouBike2.0_捷運北門站(3號出口),2023-11-08 10:43:16,大同區,塔城街與鄭州路口西南側,62,4,58
YouBike2.0_捷運南京三民站(1號出口),2023-11-08 10:43:16,松山區,捷運南京三民站(1號出口),35,1,34
YouBike2.0_捷運南京三民站(2號出口),2023-11-08 10:43:16,松山區,南京東路五段156號(前),19,1,17
YouBike2.0_捷運南京三民站(3號出口),2023-11-08 10:43:16,松山區,捷運南京三民站(3號出口),33,1,32
YouBike2.0_捷運南京三民站(4號出口),2023-11-08 10:43:16,松山區,南京東路五段229號(前),13,0,13
YouBike2.0_捷運南京復興站(1號出口),2023-11-08 10:43:16,中山區,捷運南京復興站(1號出口)後方(遼寧街155巷),21,11,10
YouBike2.0_捷運南京復興站(5號出口),2023-11-08 10:43:16,松山區,南京東路三段262號,52,26,26
YouBike2.0_捷運南京復興站(7號出口),2023-11-08 10:43:16,松山區,慶城街1號(東南側),15,11,4
YouBike2.0_捷運南京復興站(8號出口),2023-11-08 10:43:16,中山區,南京東路三段221號前,25,8,16
YouBike2.0_捷運南港展覽館站(4號出口),2023-11-08 10:43:16,南港區,南港路一段32號(4號出口),22,1,21
YouBike2.0_捷運南港展覽館站(5號出口),2023-11-08 10:43:16,南港區,研究院路一段1號(5號出口),56,0,56
YouBike2.0_捷運南港展覽館站(6號出口),2023-11-08 10:43:16,南港區,南港路一段28號旁,25,0,25
YouBike2.0_捷運南港展覽館站(7號出口),2023-11-08 10:43:16,南港區,富康街1巷16弄2號東側,20,1,18
YouBike2.0_捷運南港站(1號出口),2023-11-08 10:43:16,南港區,忠孝東路七段380號(1號出口),20,0,20
YouBike2.0_捷運南港站(2號出口),2023-11-08 10:43:16,南港區,忠孝東路七段380號(2號出口),14,0,14
YouBike2.0_捷運南港軟體園區(2號出口),2023-11-08 10:43:16,南港區,經貿二路183號(2號出口),37,21,16
YouBike2.0_捷運古亭站(2號出口),2023-11-08 10:43:16,中正區,羅斯福路二段168號前,55,1,54
YouBike2.0_捷運古亭站(5號出口),2023-11-08 10:43:16,大安區,和平東路一段19號前,14,2,12
YouBike2.0_捷運古亭站(6號出口),2023-11-08 10:43:16,大安區,羅斯福路二段41號前,60,11,49
YouBike2.0_捷運古亭站(7號出口),2023-11-08 10:43:16,中正區,羅斯福路二段44號前方,12,0,12
YouBike2.0_捷運古亭站(8號出口),2023-11-08 10:43:16,中正區,和平西路一段13-1號前方,15,3,12
YouBike2.0_捷運古亭站(9號出口),2023-11-08 10:43:16,中正區,羅斯福路二段100號(前方),20,1,19
YouBike2.0_捷運台北101/世貿站(2號出口),2023-11-08 10:43:16,信義區,捷運台北101/世貿站(2號出口)(西側),52,3,48
YouBike2.0_捷運台北101/世貿站(3號出口),2023-11-08 10:43:16,信義區,信義路五段16號前,15,9,6
YouBike2.0_捷運台北101/世貿站(5號出口),2023-11-08 10:43:16,信義區,市府路/信義路(西北側),15,12,3
YouBike2.0_捷運唭哩岸站(1號出口),2023-11-08 10:43:16,北投區,捷運唭哩岸站一(東華) 公車亭對側人行道,20,4,16
YouBike2.0_捷運唭哩岸站(2號出口),2023-11-08 10:43:16,北投區,西安街二段345-349號(對面),54,21,33
YouBike2.0_捷運善導寺站(1號出口),2023-11-08 10:43:16,中正區,忠孝東路一段7號,33,3,30
YouBike2.0_捷運善導寺站(3號出口),2023-11-08 10:43:16,中正區,林森南路1號南側,20,7,13
YouBike2.0_捷運善導寺站(3號出口)(忠孝東路側),2023-11-08 10:43:16,中正區,忠孝東路一段/林森南路口,17,1,16
YouBike2.0_捷運國父紀念館站(1號出口),2023-11-08 10:43:16,大安區,光復南路200巷26號東側,25,5,20
YouBike2.0_捷運國父紀念館站(2號出口),2023-11-08 10:43:16,大安區,忠孝東路四段/光復南路口(西南側),45,1,44
YouBike2.0_捷運國父紀念館站(5號出口),2023-11-08 10:43:16,信義區,光復南路200號對側,23,0,23
YouBike2.0_捷運圓山站(1號出口),2023-11-08 10:43:16,大同區,酒泉街235號前,44,7,35
YouBike2.0_捷運圓山站(2號出口),2023-11-08 10:43:16,大同區,承德路三段/庫倫街(東南側),37,18,19
YouBike2.0_捷運士林站(1號出口),2023-11-08 10:43:16,士林區,中正路236巷/中正路口,38,0,38
YouBike2.0_捷運士林站(2號出口),2023-11-08 10:43:16,士林區,中山北路五段505巷44弄2號(對面),30,3,27
YouBike2.0_捷運大安森林公園站(2號出口),2023-11-08 10:43:16,大安區,捷運大安森林公園站(2號出口)西側,62,2,59
YouBike2.0_捷運大安森林公園站(5號出口),2023-11-08 10:43:16,大安區,捷運大安森林公園站(5號出口)東側,15,0,15
YouBike2.0_捷運大安站(2號出口),2023-11-08 10:43:16,大安區,信義路3段143號(前),22,0,22
YouBike2.0_捷運大安站(3號出口),2023-11-08 10:43:16,大安區,信義路三段184號前,46,0,46
YouBike2.0_捷運大安站(4號出口),2023-11-08 10:43:16,大安區,信義路4段6號(前),13,0,13
YouBike2.0_捷運大安站(5號出口),2023-11-08 10:43:16,大安區,復興南路二段/信義路四段(東南側),19,0,19
YouBike2.0_捷運大安站(6號出口),2023-11-08 10:43:16,大安區,復興南路一段303號前,19,0,19
YouBike2.0_捷運大橋頭站(1A出口),2023-11-08 10:43:16,大同區,民權西路237號旁,18,6,12
YouBike2.0_捷運大橋頭站(2號出口),2023-11-08 10:43:16,大同區,捷運大橋頭站(2號出口)西側,57,18,39
YouBike2.0_捷運大湖公園站(2號出口),2023-11-08 10:43:16,內湖區,成功路五段5號東側,28,6,22
YouBike2.0_捷運大直站(1號出口),2023-11-08 10:43:16,中山區,北安路535之2號旁,27,13,14
YouBike2.0_捷運大直站(3號出口),2023-11-08 10:43:16,中山區,北安路536號(旁),34,0,34
YouBike2.0_捷運大直站(3號出口)_1,2023-11-08 10:43:16,中山區,北安路458巷41弄52之1號前,18,2,16
YouBike2.0_捷運奇岩站(三合街),2023-11-08 10:43:16,北投區,三合街二段486號(旁),40,25,14
YouBike2.0_捷運小南門站(1號出口),2023-11-08 10:43:16,中正區,愛國西路/延平南路(西北側),46,27,19
YouBike2.0_捷運小南門站(2號出口),2023-11-08 10:43:16,中正區,愛國西路30號之2前方,18,15,3
YouBike2.0_捷運小巨蛋站(2號出口),2023-11-08 10:43:16,松山區,南京東路四段6號(前),26,4,22
YouBike2.0_捷運小巨蛋站(3號出口),2023-11-08 10:43:16,松山區,南京東路四段12號前,15,0,15
YouBike2.0_捷運小巨蛋站(5號出口),2023-11-08 10:43:16,松山區,南京東路四段75-1號前,22,2,20
YouBike2.0_捷運小巨蛋站(5號出口)_1,2023-11-08 10:43:16,松山區,南京東路四段/健康路(西北側),20,2,16
YouBike2.0_捷運市政府站(3號出口),2023-11-08 10:43:16,信義區,忠孝東路/松仁路(東南側),92,40,52
YouBike2.0_捷運市政府站(4號出口),2023-11-08 10:43:16,信義區,忠孝東路五段71巷/忠孝東路五段31巷18弄,14,1,13
YouBike2.0_捷運後山埤站(1號出口),2023-11-08 10:43:16,南港區,中坡北路7號東側,53,1,52
YouBike2.0_捷運後山埤站(2號出口),2023-11-08 10:43:16,信義區,忠孝東路五段800號,22,19,2
YouBike2.0_捷運後山埤站(3號出口),2023-11-08 10:43:16,南港區,玉成街150號,12,1,11
YouBike2.0_捷運復興崗站(1號出口),2023-11-08 10:43:16,北投區,中央北路三段9-1號(對面),45,27,18
YouBike2.0_捷運復興崗站旅客服務中心,2023-11-08 10:43:16,北投區,中央北路三段185號(前方),15,1,14
YouBike2.0_捷運忠孝復興站(2號出口),2023-11-08 10:43:16,大安區,復興南路一段/仁愛路三段123巷13弄(西北側),43,3,40
YouBike2.0_捷運忠孝復興站(5號出口),2023-11-08 10:43:16,大安區,復興南路一段135巷3號(對面),41,0,41
YouBike2.0_捷運忠孝敦化站(2號出口),2023-11-08 10:43:16,大安區,忠孝東路四段221號,17,12,2
YouBike2.0_捷運忠孝敦化站(7號出口),2023-11-08 10:43:16,大安區,忠孝東路四段143號,18,1,17
YouBike2.0_捷運忠孝新生站(1號出口),2023-11-08 10:43:16,中正區,捷運忠孝新生站(1號出口)後方,19,3,16
YouBike2.0_捷運忠孝新生站(2號出口),2023-11-08 10:43:16,中正區,忠孝東路二段132號(東側),32,8,24
YouBike2.0_捷運忠孝新生站(3號出口),2023-11-08 10:43:16,大安區,忠孝東路三段與10巷口,23,0,23
YouBike2.0_捷運忠孝新生站(4號出口),2023-11-08 10:43:16,大安區,忠孝新生路口北側,34,1,33
YouBike2.0_捷運忠孝新生站(5號出口),2023-11-08 10:43:16,中正區,新生南路一段56號前方,13,1,12
YouBike2.0_捷運忠孝新生站(6號出口),2023-11-08 10:43:16,大安區,新生南路一段101號,15,4,11
YouBike2.0_捷運忠義站(1號出口),2023-11-08 10:43:16,北投區,中央北路四段262號(對面),17,0,17
YouBike2.0_捷運忠義站(2號出口),2023-11-08 10:43:16,北投區,捷運忠義站(2號出口)無障礙坡道旁,20,1,19
YouBike2.0_捷運文德站(2號出口),2023-11-08 10:43:16,內湖區,文德路212號旁,49,12,37
YouBike2.0_捷運新北投站,2023-11-08 10:43:16,北投區,中和街10號(對面),42,0,42
YouBike2.0_捷運新北投站(2號出口),2023-11-08 10:43:16,北投區,光明路225號(對面),11,0,11
YouBike2.0_捷運昆陽站(1號出口),2023-11-08 10:43:16,南港區,忠孝東路六段403號,65,12,53
YouBike2.0_捷運昆陽站(4號出口),2023-11-08 10:43:16,南港區,忠孝東路六段465號,28,17,11
YouBike2.0_捷運明德站(1號出口),2023-11-08 10:43:16,北投區,西安街一段明德路口(東南側),23,1,22
YouBike2.0_捷運明德站(3號出口),2023-11-08 10:43:16,北投區,明德路95號,41,8,33
YouBike2.0_捷運景美站(2號出口),2023-11-08 10:43:16,文山區,景文街1號(對面),63,28,35
YouBike2.0_捷運木柵站,2023-11-08 10:43:16,文山區,木柵路四段82巷18號前(捷運橋樑下),31,11,20
YouBike2.0_捷運東湖站,2023-11-08 10:43:16,內湖區,安康路315巷/五分街14巷(西側),28,25,3
YouBike2.0_捷運東門站(3號出口),2023-11-08 10:43:16,大安區,信義路二段128號前,15,1,14
YouBike2.0_捷運東門站(5號出口),2023-11-08 10:43:16,大安區,信義路二段178號前,28,5,23
YouBike2.0_捷運松山站(1號出口),2023-11-08 10:43:16,松山區,八德路四段711號前,15,0,15
YouBike2.0_捷運松山站(2號出口),2023-11-08 10:43:16,松山區,八德路四段685號前,14,2,12
YouBike2.0_捷運松山站(3號出口),2023-11-08 10:43:16,松山區,松山路/市民大道六段(西北側捷運3號出口),48,5,42
YouBike2.0_捷運松山站(4號出口),2023-11-08 10:43:16,松山區,八德路四段742號,19,7,12
YouBike2.0_捷運松江南京站(4號出口),2023-11-08 10:43:16,中山區,松江路95-1至109號前方,32,3,29
YouBike2.0_捷運松江南京站(7號出口),2023-11-08 10:43:16,中山區,松江路119號前,75,28,47
YouBike2.0_捷運松江南京站(8號出口),2023-11-08 10:43:16,中山區,南京東路二段101號前,20,9,11
YouBike2.0_捷運民權西路站(2號出口),2023-11-08 10:43:16,大同區,捷運民權西路站(2號出口)西側,25,17,8
YouBike2.0_捷運民權西路站(3號出口),2023-11-08 10:43:16,大同區,民權西路70巷37號對面,50,7,43
YouBike2.0_捷運永春站(2號出口),2023-11-08 10:43:16,信義區,虎林街132巷44號西側,30,2,28
YouBike2.0_捷運港墘站(1號出口),2023-11-08 10:43:16,內湖區,內湖路一段663號前,23,0,23
YouBike2.0_捷運港墘站(2號出口),2023-11-08 10:43:16,內湖區,內湖路一段520號,47,10,37
YouBike2.0_捷運石牌站(1號出口),2023-11-08 10:43:16,北投區,石牌路一段139號(對面),33,1,32
YouBike2.0_捷運石牌站(2號出口),2023-11-08 10:43:16,北投區,東華街一段526號(對面),56,0,56
YouBike2.0_捷運科技大樓站,2023-11-08 10:43:05,大安區,復興南路二段235號前,28,1,27
YouBike2.0_捷運科技大樓站(台北教育大學),2023-11-08 10:43:16,大安區,和平東路二段134號前,46,0,46
YouBike2.0_捷運線型公園(後街),2023-11-08 10:43:16,士林區,後街15號旁,13,11,2
YouBike2.0_捷運臺北車站(M2出口),2023-11-08 10:43:16,中正區,市民大道一段168號旁,20,6,14
YouBike2.0_捷運臺大醫院站(1號出口),2023-11-08 10:43:16,中正區,公園路/常德街口(西側),19,7,12
YouBike2.0_捷運臺大醫院站(4號出口),2023-11-08 10:43:16,中正區,常德街1號(公園路側),60,18,41
YouBike2.0_捷運臺電大樓站(1號出口),2023-11-08 10:43:16,中正區,辛亥路一段/羅斯福路三段南側,34,0,34
YouBike2.0_捷運臺電大樓站(2號出口),2023-11-08 10:43:16,大安區,辛亥路一段/羅斯福路三段口北側(辛亥路側),15,2,13
YouBike2.0_捷運臺電大樓站(2號出口)_1,2023-11-08 10:43:16,大安區,羅斯福路三段201號旁,35,0,35
YouBike2.0_捷運臺電大樓站(4號出口),2023-11-08 10:43:16,中正區,師大路/羅斯福路三段西側,13,0,13
YouBike2.0_捷運臺電大樓站(5號出口),2023-11-08 10:43:16,中正區,羅斯福路三段126號前,14,0,14
YouBike2.0_捷運芝山站(1號出口),2023-11-08 10:43:16,士林區,福華路114號(對面),36,9,26
YouBike2.0_捷運芝山站(2號出口),2023-11-08 10:43:16,士林區,福華路151號(對面),21,4,16
YouBike2.0_捷運芝山站(2號出口)_1,2023-11-08 10:43:16,士林區,福華路/福華路162巷(東南側),62,17,45
YouBike2.0_捷運萬芳社區站,2023-11-08 10:43:16,文山區,萬芳路60號(西側廣場),31,13,18
YouBike2.0_捷運萬芳醫院站(興隆路三段115巷),2023-11-08 10:43:16,文山區,興隆路三段115巷2號,20,10,10
YouBike2.0_捷運萬隆站(1號出口),2023-11-08 10:43:16,文山區,羅斯福路五段250號(前),34,31,3
YouBike2.0_捷運萬隆站(2號出口),2023-11-08 10:43:16,文山區,興隆路一段70巷/羅斯福路5段211巷26弄口,12,11,1
YouBike2.0_捷運萬隆站(4號出口),2023-11-08 10:43:16,文山區,羅斯福路5段210號(前),22,0,22
YouBike2.0_捷運葫洲站(1號出口),2023-11-08 10:43:16,內湖區,康寧路三段39號(對面),25,13,12
YouBike2.0_捷運行天宮站(1號出口),2023-11-08 10:43:16,中山區,松江路230號前,46,5,41
YouBike2.0_捷運行天宮站(3號出口),2023-11-08 10:43:16,中山區,松江路261號前,42,0,42
YouBike2.0_捷運行政大樓,2023-11-08 10:43:16,中山區,中山北路二段48巷7號前,14,1,11
YouBike2.0_捷運西湖站(1號出口),2023-11-08 10:43:16,內湖區,環山路一段9巷9號對側,23,0,23
YouBike2.0_捷運西湖站(1號出口)內湖路側,2023-11-08 10:43:16,內湖區,內湖區內湖路一段289號,13,1,12
YouBike2.0_捷運西湖站(2號出口),2023-11-08 10:43:16,內湖區,內湖路一段291號(對面),19,1,18
YouBike2.0_捷運西門站(2號出口),2023-11-08 10:43:16,中正區,中華路一段59號旁,36,7,29
YouBike2.0_捷運西門站(3號出口),2023-11-08 10:43:16,中正區,中華路一段/寶慶路(東南側),36,9,27
YouBike2.0_捷運西門站(5號出口),2023-11-08 10:43:16,中正區,捷運西門站(5號出口)南側,30,19,11
YouBike2.0_捷運象山站(1號出口),2023-11-08 10:43:16,信義區,信義路5段152號(1號出口),24,2,22
YouBike2.0_捷運象山站(2號出口),2023-11-08 10:43:16,信義區,信義路五段128號東側,31,3,28
YouBike2.0_捷運象山站(3號出口),2023-11-08 10:43:16,信義區,信義路五段/信義路五段91巷口(西北側),51,4,47
YouBike2.0_捷運辛亥站,2023-11-08 10:43:16,文山區,辛亥路四段114號(旁人行道),29,17,12
YouBike2.0_捷運關渡站(1號出口),2023-11-08 10:43:16,北投區,大度路三段270巷/立功街55巷(西南側),54,16,38
YouBike2.0_捷運關渡站(2號出口),2023-11-08 10:43:16,北投區,捷運關渡站2號出口外人行道,14,2,12
YouBike2.0_捷運雙連站(2號出口),2023-11-08 10:43:16,大同區,萬全街22號對面,41,14,27
YouBike2.0_捷運麟光站(2號出口),2023-11-08 10:43:16,大安區,和平東路三段420號東北側,50,7,43
YouBike2.0_捷運龍山寺站(1號出口),2023-11-08 10:43:16,萬華區,和平西路三段/西園路一段(東北側),30,23,7
YouBike2.0_捷運龍山寺站(1號出口)_1,2023-11-08 10:43:16,萬華區,和平西路三段/和平西路三段109巷(西北側),49,25,24
YouBike2.0_捷運龍山寺站(3號出口),2023-11-08 10:43:16,萬華區,和平西路三段/和平西路三段88巷(西南側),23,2,21
YouBike2.0_撫順公園,2023-11-08 10:43:16,中山區,中山北路三段2號對側,20,6,14
YouBike2.0_撫順街41巷(崇德宮前),2023-11-08 10:43:16,中山區,撫順街41巷1-7號對側,19,6,13
YouBike2.0_政大一街口,2023-11-08 10:43:16,文山區,政大一街19號對側,14,0,14
YouBike2.0_政大水岸電梯,2023-11-08 10:43:16,文山區,政治大學水岸電梯旁,10,4,6
YouBike2.0_敦化八德路口,2023-11-08 10:43:16,松山區,敦化南路一段/八德路二段(西南側),20,19,1
YouBike2.0_敦化北路155巷口,2023-11-08 10:43:16,松山區,敦化北路151號前分隔島,30,29,1
YouBike2.0_敦化南京路口(東北側),2023-11-08 10:43:16,松山區,敦化北路/南京東路四段,14,10,4
YouBike2.0_敦化南路一段295巷口,2023-11-08 10:43:16,大安區,敦化南路一段295巷1號,18,0,18
YouBike2.0_敦化南路二段103巷口,2023-11-08 10:43:16,大安區,敦化南路二段99號前,24,18,6
YouBike2.0_敦化南路二段293巷口南側,2023-11-08 10:43:16,大安區,敦化南路二段293巷口南側,14,0,14
YouBike2.0_敦化南路二段81巷,2023-11-08 10:43:16,大安區,敦化南路二段與敦化南路二段81巷口西北側,40,38,2
YouBike2.0_敦化基隆路口,2023-11-08 10:43:16,大安區,敦化南路二段218號,29,29,0
YouBike2.0_敦化市民路口,2023-11-08 10:43:16,大安區,敦化南路1段158號(前),23,17,6
YouBike2.0_敦化長春路口,2023-11-08 10:43:16,松山區,敦化北路112號前,34,17,12
YouBike2.0_敦北公園,2023-11-08 10:43:16,松山區,敦化北路/富錦街77巷口(東南側),48,33,15
YouBike2.0_敦南山林,2023-11-08 10:43:16,文山區,木柵路四段159巷16弄(社區出入口對側),14,1,13
YouBike2.0_敦親公園,2023-11-08 10:43:16,大安區,和平東路二段96巷8之1號(前方),26,0,25
YouBike2.0_敬業三樂群三路口(西北側),2023-11-08 10:43:16,中山區,敬業三路/樂群三路口,16,0,16
YouBike2.0_文光公園,2023-11-08 10:43:16,中正區,仁愛路二段65巷4號對側,17,1,16
YouBike2.0_文化三杏林一路口,2023-11-08 10:43:16,北投區,杏林一路3號(旁),17,9,7
YouBike2.0_文山第二行政中心,2023-11-08 10:43:16,文山區,興隆路二段160-1號前,30,1,29
YouBike2.0_文山行政中心,2023-11-08 10:43:16,文山區,木柵路三段220號(前),18,2,16
YouBike2.0_文山運動中心,2023-11-08 10:43:16,文山區,興隆路三段/興隆路三段192巷8弄,30,3,27
YouBike2.0_文德一號綠地,2023-11-08 10:43:16,內湖區,內湖區文德路91號旁,15,11,4
YouBike2.0_文德三號公園(江南街71巷16弄),2023-11-08 10:43:16,內湖區,瑞光路271號東南側,15,5,10
YouBike2.0_文德二號公園(北側),2023-11-08 10:43:16,內湖區,文德路210巷12號對側,15,1,14
YouBike2.0_文德二號公園(南側),2023-11-08 10:43:16,內湖區,陽光街與陽光街68巷102弄口,13,0,13
YouBike2.0_文林建民路口,2023-11-08 10:43:16,北投區,文林北路214-216號(前),20,6,14
YouBike2.0_文林福華路口,2023-11-08 10:43:16,士林區,文林路 / 福華路口(東側),19,5,14
YouBike2.0_文林路101巷口,2023-11-08 10:43:16,士林區,文林路100號前,17,10,7
YouBike2.0_文湖國小,2023-11-08 10:43:16,內湖區,文湖街21巷口北側,31,2,29
YouBike2.0_文湖街21巷118弄口,2023-11-08 10:43:16,內湖區,文湖街21巷118弄6-10號(前),28,1,27
YouBike2.0_文湖街81巷10號西側,2023-11-08 10:43:16,內湖區,文湖街81巷10號西側,14,0,14
YouBike2.0_新光基湖大樓,2023-11-08 10:43:16,內湖區,基湖路12號,19,18,1
YouBike2.0_新光秀明路口,2023-11-08 10:43:16,文山區,新光路一段145號前,15,7,8
YouBike2.0_新和國小,2023-11-08 10:43:16,萬華區,萬大路277巷37弄1號東側,20,7,13
YouBike2.0_新喜公園,2023-11-08 10:43:16,中山區,德惠街170巷22號對側,13,1,12
YouBike2.0_新奇岩社會住宅,2023-11-08 10:43:16,北投區,磺港路269-271號(旁),12,4,8
YouBike2.0_新富公園,2023-11-08 10:43:16,南港區,富康街47巷2號對側,13,0,13
YouBike2.0_新新公園(昆陽街60巷),2023-11-08 10:43:16,南港區,南港路三段47巷8號南側,20,12,7
YouBike2.0_新明成功路口,2023-11-08 10:43:16,內湖區,新明路22號,18,5,13
YouBike2.0_新明路343號,2023-11-08 10:43:16,內湖區,新明路341號北側,10,0,10
YouBike2.0_新明路460巷口,2023-11-08 10:43:16,內湖區,南京東路六段122號(斜前方),15,2,13
YouBike2.0_新東公園,2023-11-08 10:43:16,松山區,民生東路五段/塔悠路口(西南側),36,30,5
YouBike2.0_新東街51巷口,2023-11-08 10:43:16,松山區,三民路 / 新東街51巷口(東側),23,4,19
YouBike2.0_新湖三新湖二146巷口,2023-11-08 10:43:16,內湖區,新湖三路122、124號對側,15,5,10
YouBike2.0_新湖三民善街口,2023-11-08 10:43:16,內湖區,新湖三路36號,15,4,11
YouBike2.0_新湖三行忠路72巷口,2023-11-08 10:43:16,內湖區,新湖三路/行忠路72巷,15,0,15
YouBike2.0_新湖二路250巷口,2023-11-08 10:43:16,內湖區,新湖二路/新湖二路250巷(西南側),20,5,15
YouBike2.0_新湖國小,2023-11-08 10:43:16,內湖區,民權東路六段/成功路二段320巷31弄(東南側),12,0,12
YouBike2.0_新生公園,2023-11-08 10:43:16,中山區,民族東路/吉林路口(西北側),16,8,8
YouBike2.0_新生北路一段62巷口,2023-11-08 10:43:16,中山區,新生北路一段64號對側,20,0,20
YouBike2.0_新生南路一段119巷口,2023-11-08 10:43:16,大安區,新生南路一段113號,33,1,32
YouBike2.0_新生南路三段52號前,2023-11-08 10:43:05,大安區,新生南路三段52號,17,0,17
YouBike2.0_新生南路三段66號前,2023-11-08 10:43:05,大安區,新生南路三段66號東側,16,4,12
YouBike2.0_新生南路三段82號前,2023-11-08 10:43:05,大安區,新生南路三段82號,20,1,19
YouBike2.0_新生南路三段94巷口,2023-11-08 10:43:16,大安區,新生南路三段94號前,15,1,14
YouBike2.0_新生和平路口東北側,2023-11-08 10:43:16,大安區,新生南路二段與和平東路二段口東北側,38,1,36
YouBike2.0_新生德惠街口,2023-11-08 10:43:16,中山區,新生北路三段76號對側,15,3,12
YouBike2.0_新生民族路口(西南側),2023-11-08 10:43:16,中山區,新生北路三段/民族東路(西南側),15,0,15
YouBike2.0_新生濱江街口(東南側),2023-11-08 10:43:16,中山區,新生北路三段/濱江街口(東南側),21,11,10
YouBike2.0_新生農安街口,2023-11-08 10:43:16,中山區,新生北路三段與農安街口(高架橋下),15,0,15
YouBike2.0_新生錦州街口,2023-11-08 10:43:16,中山區,新生北路二段100號前,20,1,19
YouBike2.0_新生長安路口,2023-11-08 10:43:16,中山區,新生北路一段/長安東路二段交叉口(北側),20,1,18
YouBike2.0_新生長春路口,2023-11-08 10:43:16,中山區,新生北路二段/新生北路二段68巷交叉口(新生橋下),20,1,19
YouBike2.0_新生長春路口(東北側),2023-11-08 10:43:16,中山區,新生北路二段39-2號對側,19,1,18
YouBike2.0_新生高架停車場(林森北路107巷口),2023-11-08 10:43:16,中山區,新生北路一段與林森北路107巷口(新生高架橋下),14,0,14
YouBike2.0_新興公園,2023-11-08 10:43:16,中山區,錦州街13巷/中山北路二段137巷口(東南側),20,6,14
YouBike2.0_昆陽公園,2023-11-08 10:43:16,南港區,昆陽街173號對側,14,5,9
YouBike2.0_昌隆公園,2023-11-08 10:43:16,大安區,市民大道三段206號西側,16,13,3
YouBike2.0_明勝公園,2023-11-08 10:43:16,士林區,承德路4段6巷71號(對面),14,7,4
YouBike2.0_明美公園,2023-11-08 10:43:16,內湖區,石潭路27號南側,18,3,15
YouBike2.0_明美公園(行善路333巷),2023-11-08 10:43:16,內湖區,行善路333巷92號前,16,0,16
YouBike2.0_明道國小東南側,2023-11-08 10:43:16,文山區,興隆路四段109巷116號對側,18,3,15
YouBike2.0_星雲街138巷1弄口,2023-11-08 10:43:16,內湖區,星雲街138巷18號,15,5,10
YouBike2.0_星雲街47號,2023-11-08 10:43:16,內湖區,星雲街47號南側,15,0,15
YouBike2.0_春光公園,2023-11-08 10:43:16,信義區,林口街230號(斜對面),30,1,29
YouBike2.0_景仁公園,2023-11-08 10:43:16,文山區,羅斯福路六段142巷1號(旁),16,3,13
YouBike2.0_景仁公園_1,2023-11-08 10:43:16,文山區,景仁街 / 羅斯福路六段142巷口(北側),15,13,2
YouBike2.0_景勤二號公園,2023-11-08 10:43:16,信義區,信安街50號(對面),41,0,41
YouBike2.0_景勤二號公園(西南側),2023-11-08 10:43:16,信義區,信安街67巷/信安街口東南側,22,0,22
YouBike2.0_景平公園,2023-11-08 10:43:16,信義區,松平路50巷15號對側,13,0,13
YouBike2.0_景文中學,2023-11-08 10:43:16,文山區,保儀路/木柵路三段102巷口(西南側),36,16,20
YouBike2.0_景新公園,2023-11-08 10:43:16,信義區,莊敬路239巷12號(對面),17,0,17
YouBike2.0_景福街/羅斯福路6段142巷口,2023-11-08 10:43:16,文山區,景福街/羅斯福路6段142巷口,28,3,25
YouBike2.0_景美污水抽水站,2023-11-08 10:43:16,文山區,汀州路四段10號北側人行道,15,0,15
YouBike2.0_景美運動公園,2023-11-08 10:43:16,文山區,景豐街79號(旁公園),11,0,11
YouBike2.0_景美醫院,2023-11-08 10:43:16,文山區,羅斯福路六段280號(前),18,6,12
YouBike2.0_景聯廣場,2023-11-08 10:43:16,信義區,松勤街8號對側,13,4,9
YouBike2.0_景興國中,2023-11-08 10:43:16,文山區,三福街4巷與景興路46巷口,10,2,8
YouBike2.0_景興路42巷口,2023-11-08 10:43:16,文山區,景興路42巷與景興路口西南側,12,0,12
YouBike2.0_景華街128巷口,2023-11-08 10:43:16,文山區,景華街124號(旁汽車格),20,0,20
YouBike2.0_景行公園,2023-11-08 10:43:16,文山區,景中街與景中街30巷口,15,5,10
YouBike2.0_朝陽公園,2023-11-08 10:43:16,大同區,重慶北路二段62-1號旁,10,7,3
YouBike2.0_木南公園,2023-11-08 10:43:16,文山區,木新路二段永安街22巷口,12,0,12
YouBike2.0_木新公園,2023-11-08 10:43:16,文山區,木新路三段278巷11號斜對面,12,4,8
YouBike2.0_木新路3段95巷口,2023-11-08 10:43:16,文山區,木新路三段95巷30號(對面),16,3,13
YouBike2.0_木柵光輝路口,2023-11-08 10:43:16,文山區,木柵路一段290號(旁),19,9,10
YouBike2.0_木柵公園,2023-11-08 10:43:16,文山區,興隆路四段50號(前),25,11,13
YouBike2.0_木柵社會住宅,2023-11-08 10:43:16,文山區,久康街24巷46號對側,12,2,10
YouBike2.0_木柵路三段48巷,2023-11-08 10:43:16,文山區,木柵路三段48巷1弄口,15,5,10
YouBike2.0_木柵路二段109巷,2023-11-08 10:43:16,文山區,木柵路二段109巷14號旁,15,1,14
YouBike2.0_朱崙公園,2023-11-08 10:43:16,中山區,龍江路45巷42號對側,20,15,5
YouBike2.0_朱崙商場,2023-11-08 10:43:16,中山區,龍江路15號前,36,18,18
YouBike2.0_杭州南路一段101巷口,2023-11-08 10:43:16,中正區,金山南路一段72號前,14,0,14
YouBike2.0_東園國小,2023-11-08 10:43:16,萬華區,東園街199號前方,33,13,20
YouBike2.0_東山路110巷口,2023-11-08 10:43:16,士林區,東山路114號對側,16,7,9
YouBike2.0_東新國小,2023-11-08 10:43:16,南港區,東明街68號北側,22,0,22
YouBike2.0_東新街63巷口,2023-11-08 10:43:16,南港區,東新街/東新街63巷,15,3,12
YouBike2.0_東湖一號公園,2023-11-08 10:43:16,內湖區,康寧路三段189巷163弄13號東南側,10,0,10
YouBike2.0_東湖二號公園,2023-11-08 10:43:16,內湖區,康寧路三段99巷39弄70號東南側,15,1,14
YouBike2.0_東湖四號公園,2023-11-08 10:43:16,內湖區,康樂街110巷21號對側,15,0,15
YouBike2.0_東湖國中,2023-11-08 10:43:16,內湖區,康樂街125巷4號(對面),16,0,16
YouBike2.0_東湖國小,2023-11-08 10:43:16,內湖區,東湖路與東湖路113巷口東側,22,2,20
YouBike2.0_東湖路113巷95弄,2023-11-08 10:43:16,內湖區,東湖路113巷95弄13號西側,10,0,10
YouBike2.0_東豐公園,2023-11-08 10:43:16,大安區,東豐街24號(旁公園路側),19,1,18
YouBike2.0_東陽公園,2023-11-08 10:43:16,南港區,重陽路125巷34號東側,30,18,12
YouBike2.0_松仁松平路口,2023-11-08 10:43:16,信義區,松仁路/松平路,10,1,9
YouBike2.0_松仁路121巷口,2023-11-08 10:43:16,信義區,松仁路123號北側,31,15,15
YouBike2.0_松仁路253巷3弄,2023-11-08 10:43:16,信義區,松仁路215巷6號,25,0,25
YouBike2.0_松仁路305號,2023-11-08 10:43:16,信義區,松仁路/吳興街583巷3弄,14,0,14
YouBike2.0_松仁路95巷口,2023-11-08 10:43:16,信義區,松仁路/松仁路95巷(東南側),60,11,23
YouBike2.0_松勤莊敬路口,2023-11-08 10:43:16,信義區,松勤街/莊敬路,15,3,12
YouBike2.0_松友公園,2023-11-08 10:43:16,信義區,信義路六段76巷2弄22號(對面),27,0,27
YouBike2.0_松基公園,2023-11-08 10:43:16,松山區,長春路432號(對面),20,7,13
YouBike2.0_松山家商,2023-11-08 10:43:16,信義區,松山路655號(前),25,9,16
YouBike2.0_松山家商(林口街),2023-11-08 10:43:16,信義區,林口街/福德街口(東南側),25,0,25
YouBike2.0_松山工農,2023-11-08 10:43:16,信義區,忠孝東路五段236巷15號(前),34,29,5
YouBike2.0_松山新城,2023-11-08 10:43:16,松山區,健康路78號(對面),14,0,13
YouBike2.0_松山永吉路口,2023-11-08 10:43:16,信義區,松山路166號,20,0,20
YouBike2.0_松山路292巷口,2023-11-08 10:43:16,信義區,松山路279號,17,3,14
YouBike2.0_松山車站,2023-11-08 10:43:16,信義區,松山路11號南側,63,16,47
YouBike2.0_松山高中,2023-11-08 10:43:16,信義區,忠孝東路四段599巷36號對側,42,36,6
YouBike2.0_松德公園,2023-11-08 10:43:16,信義區,松德路168巷20號前,25,24,1
YouBike2.0_松德站,2023-11-08 10:43:16,信義區,松德路300號南側,48,39,9
YouBike2.0_松德虎林街口,2023-11-08 10:43:16,信義區,松德路79號前,30,1,29
YouBike2.0_松德路200巷,2023-11-08 10:43:16,信義區,松德路200巷53號北側,41,9,32
YouBike2.0_松智松壽路口,2023-11-08 10:43:16,信義區,松智路/松壽路(西北側),39,7,32
YouBike2.0_松江公園,2023-11-08 10:43:16,中山區,松江路/松江路84巷(西北側路側),25,3,22
YouBike2.0_松江民生路口,2023-11-08 10:43:16,中山區,松江路208號前,17,1,16
YouBike2.0_松江路132巷口,2023-11-08 10:43:16,中山區,吉林路100號對側,14,0,14
YouBike2.0_松江路431巷口,2023-11-08 10:43:16,中山區,松江路433號前,15,12,3
YouBike2.0_松江路77巷口,2023-11-08 10:43:16,中山區,松江路77巷口,10,0,10
YouBike2.0_松江長春路口,2023-11-08 10:43:16,中山區,松江路158號前,16,15,1
YouBike2.0_松高路(信義新天地A4館),2023-11-08 10:43:16,信義區,松高路19號,17,17,0
YouBike2.0_林口公園,2023-11-08 10:43:16,信義區,林口街82號(對面),41,0,41
YouBike2.0_林安泰古厝,2023-11-08 10:43:16,中山區,濱江街5號對側,30,7,23
YouBike2.0_林森仁愛路口,2023-11-08 10:43:16,中正區,林森南路與仁愛路一段西北側,13,5,6
YouBike2.0_林森公園,2023-11-08 10:43:16,中山區,林森北路/南京東路一段,32,0,32
YouBike2.0_林森北平路口,2023-11-08 10:43:16,中正區,林森北路與北平東路口西北側,20,1,19
YouBike2.0_林森徐州路口,2023-11-08 10:43:16,中正區,林森南路/徐州路口(西南側),16,14,0
YouBike2.0_林森德惠街口,2023-11-08 10:43:16,中山區,德惠街11號東側,16,13,3
YouBike2.0_林森濟南路口(東北側),2023-11-08 10:43:16,中正區,林森南路/濟南路一段口(東北側),15,15,0
YouBike2.0_林森農安街口,2023-11-08 10:43:16,中山區,林森北路582號(前),17,1,16
YouBike2.0_林森長春路口,2023-11-08 10:43:16,中山區,長春路29號前,28,13,13
YouBike2.0_柳鄉公園,2023-11-08 10:43:16,萬華區,環河南路二段100巷15號對側,15,1,14
YouBike2.0_桂林昆明街口,2023-11-08 10:43:16,萬華區,桂林路與昆明街口西北側,20,1,19
YouBike2.0_梅林新村,2023-11-08 10:43:16,士林區,至善路一段/至善路一段138巷(北側),15,12,3
YouBike2.0_植物園,2023-11-08 10:43:16,中正區,和平西路二段100號前,22,8,14
YouBike2.0_植福樂群路口,2023-11-08 10:43:16,中山區,植福路/樂群三路(西北側),10,5,5
YouBike2.0_榮富公園,2023-11-08 10:43:16,北投區,榮華三路2號(旁),13,0,13
YouBike2.0_榮星花園,2023-11-08 10:43:16,中山區,五常街77號對側,38,3,34
YouBike2.0_榮華二明德路口,2023-11-08 10:43:16,北投區,明德路212號(榮華二路側人行道),30,0,30
YouBike2.0_樂利路101巷口,2023-11-08 10:43:16,大安區,樂利路97號前,13,1,12
YouBike2.0_樂利路21巷口,2023-11-08 10:43:16,大安區,樂利路25號,17,2,15
YouBike2.0_樂康公園,2023-11-08 10:43:16,內湖區,康樂街61巷73弄22-1號南側,20,0,20
YouBike2.0_樂群二堤頂大道口,2023-11-08 10:43:16,中山區,堤頂大道二段382號(旁),20,0,20
YouBike2.0_樂群二敬業三路口,2023-11-08 10:43:16,中山區,敬業三路155號(前),20,6,14
YouBike2.0_樂群二敬業四路口,2023-11-08 10:43:16,中山區,樂群二路186號,36,4,32
YouBike2.0_樂群二明水路口,2023-11-08 10:43:16,中山區,樂群二路/明水路口(東北側),20,6,14
YouBike2.0_樂群二明水路口_1,2023-11-08 10:43:16,中山區,樂群二路 / 明水路口(東側),28,9,19
YouBike2.0_樟樹公園,2023-11-08 10:43:16,文山區,忠順街一段26巷30弄1號對側,15,5,10
YouBike2.0_樟腳里公園,2023-11-08 10:43:16,文山區,木新路二段299巷15號(旁),15,0,15
YouBike2.0_樹德公園,2023-11-08 10:43:16,大同區,大龍街85巷12號對側,14,2,12
YouBike2.0_樹德公園_1,2023-11-08 10:43:16,大同區,大龍街/大龍街85巷(東北側),21,9,11
YouBike2.0_歸綏戲曲公園,2023-11-08 10:43:16,大同區,重慶北路二段/歸綏街口(南側),20,2,18
YouBike2.0_民善新湖二路口(家樂福內湖店),2023-11-08 10:43:16,內湖區,民善街88號(旁),23,0,15
YouBike2.0_民族延平路口,2023-11-08 10:43:16,大同區,延平北路三段123號北側,23,1,22
YouBike2.0_民族松江路口,2023-11-08 10:43:16,中山區,民族東路與松江路口西北側,17,11,6
YouBike2.0_民族林森路口,2023-11-08 10:43:16,中山區,民族東路17號前,20,2,18
YouBike2.0_民族玉門街口,2023-11-08 10:43:16,中山區,民族西路口與玉門街口東北側,20,19,1
YouBike2.0_民有一號公園,2023-11-08 10:43:16,松山區,敦化北路244巷43號(對面),37,15,22
YouBike2.0_民榮公園,2023-11-08 10:43:16,大安區,建國南路一段304巷45號南側,15,1,14
YouBike2.0_民權光復路口(東北側),2023-11-08 10:43:16,松山區,民權東路四段/光復北路(東北側),24,8,16
YouBike2.0_民權吉林路口,2023-11-08 10:43:16,中山區,民權東路二段51號前,15,2,13
YouBike2.0_民權吉林路口(南側),2023-11-08 10:43:16,中山區,民權東路二段46號前,16,2,13
YouBike2.0_民權國中(民權西路),2023-11-08 10:43:16,大同區,民權西路/蘭州街(西側),17,1,16
YouBike2.0_民權延平路口(西北側),2023-11-08 10:43:16,大同區,民權西路239號前方,20,0,18
YouBike2.0_民權建國路口,2023-11-08 10:43:16,中山區,民權東路三段/建國北路三段口(東北側),34,14,20
YouBike2.0_民權建國路口(南側),2023-11-08 10:43:16,中山區,民權東路三段/建國北路二段(南側高架橋下),15,14,1
YouBike2.0_民權復興路口,2023-11-08 10:43:16,松山區,民權東路三段119號(前),27,7,20
YouBike2.0_民權新生路口,2023-11-08 10:43:16,中山區,民權東路一段/新生北路三段(北側)(新生高架橋下),26,0,26
YouBike2.0_民權東路三段106巷口,2023-11-08 10:43:16,松山區,民權東路三段102號前,22,21,1
YouBike2.0_民權東路六段15巷,2023-11-08 10:43:16,內湖區,民權東路六段15巷29號,17,9,8
YouBike2.0_民權東路六段190巷117弄口,2023-11-08 10:43:16,內湖區,民權東路六段190巷117弄15號對側,15,6,9
YouBike2.0_民權東路六段245巷口,2023-11-08 10:43:16,內湖區,民權東路六段247號(前),12,4,8
YouBike2.0_民權東路六段413巷,2023-11-08 10:43:16,內湖區,民權東路六段409號前,16,1,15
YouBike2.0_民權東路六段56巷口,2023-11-08 10:43:16,內湖區,民權東路六段56巷7號對側,15,8,7
YouBike2.0_民權瑞光路口,2023-11-08 10:43:16,內湖區,民權東路六段50號,20,1,19
YouBike2.0_民權迪化街口,2023-11-08 10:43:16,大同區,民權西路與迪化街一段口(橋墩下),23,2,21
YouBike2.0_民權運動公園,2023-11-08 10:43:16,松山區,民權東路四段/新中街口(西南側),21,1,20
YouBike2.0_民權龍江路口,2023-11-08 10:43:16,中山區,民權東路三段與龍江路口東南側,32,7,25
YouBike2.0_民生光復路口,2023-11-08 10:43:16,松山區,光復北路266號(前),33,13,20
YouBike2.0_民生國小(敦化北路199巷),2023-11-08 10:43:16,松山區,敦化北路199巷15號(旁),20,0,20
YouBike2.0_民生建國路口,2023-11-08 10:43:16,中山區,民生東路三段 / 建國北路二段口,26,19,7
YouBike2.0_民生復興路口,2023-11-08 10:43:16,松山區,民生東路三段/復興北路(東南側),17,2,15
YouBike2.0_民生敦化路口,2023-11-08 10:43:16,松山區,敦化北路216號(對面),66,23,28
YouBike2.0_民生活動中心,2023-11-08 10:43:16,松山區,民生東路五段163-1號(前),35,20,15
YouBike2.0_民生立體停車場,2023-11-08 10:43:16,松山區,民生東路五段84號前,20,6,14
YouBike2.0_民福三號綠地,2023-11-08 10:43:16,松山區,民族東路712號(對面),15,2,12
YouBike2.0_民福簡易綠地,2023-11-08 10:43:16,松山區,民族東路630號對側,15,8,7
YouBike2.0_水源路11-1號旁,2023-11-08 10:43:16,中正區,水源路11-1號(旁),19,0,19
YouBike2.0_永吉公園,2023-11-08 10:43:16,信義區,永吉路326巷66號西側,18,3,15
YouBike2.0_永吉松信路口,2023-11-08 10:43:16,信義區,松信路/永吉路西南側人行道,35,1,34
YouBike2.0_永吉路321巷口,2023-11-08 10:43:16,信義區,永吉路323號西側,15,1,14
YouBike2.0_永吉路468巷口,2023-11-08 10:43:16,信義區,永吉路478號前,13,1,12
YouBike2.0_永安藝文館-表演36房,2023-11-08 10:43:16,文山區,木新路二段156號前人行道(永安市場),15,5,10
YouBike2.0_永平社會住宅,2023-11-08 10:43:16,士林區,環河北路三段261巷2號,15,1,14
YouBike2.0_永昌公園,2023-11-08 10:43:16,中正區,詔安街224號前,15,8,7
YouBike2.0_永春陂濕地公園,2023-11-08 10:43:16,信義區,松山路721號(對面),23,1,22
YouBike2.0_永樂市場,2023-11-08 10:43:16,大同區,南京西路233巷103號旁,38,21,14
YouBike2.0_永欣綠地,2023-11-08 10:43:16,北投區,行義路10巷2號(旁),25,11,14
YouBike2.0_永盛公園(民生東路一段23巷),2023-11-08 10:43:16,中山區,民生東路一段23巷/民生東路一段27巷口,24,5,19
YouBike2.0_汀州思源街口東南側,2023-11-08 10:43:05,中正區,汀州路三段思源街口東南側,20,0,20
YouBike2.0_江寧公園,2023-11-08 10:43:16,中山區,合江街186號對側,15,7,8
YouBike2.0_河堤國小,2023-11-08 10:43:16,中正區,汀洲路二段182巷內186號旁,39,0,39
YouBike2.0_泉州寧波西街口,2023-11-08 10:43:16,中正區,泉州街15號對側,30,16,14
YouBike2.0_泉源公園,2023-11-08 10:43:16,北投區,珠海路145號(對側公園),15,11,4
YouBike2.0_法務部,2023-11-08 10:43:16,中正區,重慶南路一段130號旁,27,17,0
YouBike2.0_法治公園,2023-11-08 10:43:16,大安區,通化街189號西側,15,0,15
YouBike2.0_泰北高中,2023-11-08 10:43:16,士林區,福林路240號(前),16,15,1
YouBike2.0_泰和公園,2023-11-08 10:43:16,信義區,吳興街600巷81號西側,40,0,40
YouBike2.0_泰和里民活動中心,2023-11-08 10:43:16,信義區,松仁路308巷60號,18,0,18
YouBike2.0_洛陽停車場,2023-11-08 10:43:16,萬華區,昆明街與洛陽街口西側,22,2,20
YouBike2.0_洲子一號公園,2023-11-08 10:43:16,內湖區,基湖路37號西側,43,18,16
YouBike2.0_洲子二號公園,2023-11-08 10:43:16,內湖區,瑞光路500號(對面),60,19,32
YouBike2.0_洲美公園,2023-11-08 10:43:16,北投區,福美路199號旁,30,1,29
YouBike2.0_洲美蜆仔港公園,2023-11-08 10:43:16,北投區,洲美蜆仔港公園西南側(福美路側),20,10,10
YouBike2.0_洲美運動公園,2023-11-08 10:43:16,北投區,洲美街271號(對面),20,16,4
YouBike2.0_海光公園南側,2023-11-08 10:43:16,士林區,葫蘆街79號對側公園,12,2,10
YouBike2.0_海巡署(南側),2023-11-08 10:43:16,文山區,興隆路三段211號對側(公車亭後),10,5,5
YouBike2.0_海德堡科技大樓,2023-11-08 10:43:16,內湖區,堤頂大道二段473號前,12,8,4
YouBike2.0_清江國小,2023-11-08 10:43:16,北投區,公舘路198號(對面),58,10,45
YouBike2.0_渭水八德路口,2023-11-08 10:43:16,中山區,渭水路54號對側,23,1,22
YouBike2.0_港華五號公園,2023-11-08 10:43:16,內湖區,環山路二段81號西北側,16,1,15
YouBike2.0_港都公園,2023-11-08 10:43:16,內湖區,港華街57號(對面),15,0,15
YouBike2.0_湖光國宅,2023-11-08 10:43:16,內湖區,文德路22巷與文德路22巷74弄口,29,2,27
YouBike2.0_湖興公園,2023-11-08 10:43:16,內湖區,成功路二段250巷23弄/成功路二段312巷,16,1,15
YouBike2.0_溫州停車場,2023-11-08 10:43:05,大安區,新生南路三段54巷/溫州街口,5,0,5
YouBike2.0_溫州公園,2023-11-08 10:43:05,大安區,羅斯福路三段283巷11號,5,0,5
YouBike2.0_潭美公園(南京東路六段368巷),2023-11-08 10:43:16,內湖區,南京東路六段366號對側,18,0,18
YouBike2.0_潭美國小(南京舊宗路口),2023-11-08 10:43:16,內湖區,行善路179號南側,16,1,15
YouBike2.0_潭美街213號,2023-11-08 10:43:16,內湖區,潭美街213號南側,12,10,2
YouBike2.0_濟南紹興路口,2023-11-08 10:43:16,中正區,濟南紹興路口東南側,39,24,15
YouBike2.0_濟南路二段8巷口,2023-11-08 10:43:16,中正區,濟南路二段6-1號對側,15,5,9
YouBike2.0_濱江國小游泳池,2023-11-08 10:43:16,中山區,樂群二路266巷99號前,16,1,15
YouBike2.0_濱江果菜市場,2023-11-08 10:43:16,中山區,民族東路336號前,22,6,16
YouBike2.0_濱江街199巷口,2023-11-08 10:43:16,中山區,濱江街199巷(八號疏散門前),15,8,7
YouBike2.0_牯嶺公園,2023-11-08 10:43:16,中正區,廈門街113巷/牯嶺街口(西側),46,0,46
YouBike2.0_玉成公園,2023-11-08 10:43:16,南港區,玉成街247號對側,36,0,36
YouBike2.0_玉成公園(成福路178巷口),2023-11-08 10:43:16,南港區,成福路178巷8號對側,18,2,16
YouBike2.0_玉成公園運動中心,2023-11-08 10:43:16,南港區,中坡南路19號,15,0,15
YouBike2.0_玉東公園(東新街),2023-11-08 10:43:16,南港區,東新街/市民大道七段(北側),14,3,11
YouBike2.0_王貫英先生紀念圖書館,2023-11-08 10:43:16,中正區,汀州路二段265號,15,0,15
YouBike2.0_珠海復興一路口,2023-11-08 10:43:16,北投區,珠海路/復興一路口(東側),15,2,13
YouBike2.0_瑞光公共住宅(瑞光路),2023-11-08 10:43:16,內湖區,瑞光路160號,18,4,14
YouBike2.0_瑞光港墘路口,2023-11-08 10:43:16,內湖區,港墘路185號前,30,8,22
YouBike2.0_瑞光計程車服務站,2023-11-08 10:43:16,內湖區,港墘路221巷2號,20,7,13
YouBike2.0_瑞光路358巷口,2023-11-08 10:43:16,內湖區,瑞光路/瑞光路358巷,14,5,7
YouBike2.0_瑞光路76巷口,2023-11-08 10:43:16,內湖區,瑞光路102號前,12,12,0
YouBike2.0_瑞安街208巷,2023-11-08 10:43:16,大安區,瑞安街208巷39號對面,15,0,15
YouBike2.0_瑞湖公園,2023-11-08 10:43:16,內湖區,民權東路六段15巷/民權東路六段19巷,15,3,12
YouBike2.0_瑞湖陽光街口,2023-11-08 10:43:16,內湖區,瑞湖街101號對側,34,9,15
YouBike2.0_瑞陽公園,2023-11-08 10:43:16,內湖區,文德路22巷6號(對面),12,0,12
YouBike2.0_瑠公公園,2023-11-08 10:43:16,大安區,忠孝東路四段49巷4弄/大安路口,20,1,19
YouBike2.0_環南綜合市場,2023-11-08 10:43:16,萬華區,環河南路二段245號旁,14,7,7
YouBike2.0_環山路三段16巷口,2023-11-08 10:43:16,內湖區,環山路三段/環山路三段16巷口(東南側),13,1,12
YouBike2.0_環山路二段26巷口,2023-11-08 10:43:16,內湖區,環山路二段/環山路二段26巷(西南側),29,0,29
YouBike2.0_環河南和平西路口,2023-11-08 10:43:16,萬華區,環河南路一段/和平西路三段口(西南側),20,1,19
YouBike2.0_環河南雙園街口,2023-11-08 10:43:16,萬華區,環河南路二段282號前,15,10,5
YouBike2.0_百福公園,2023-11-08 10:43:16,南港區,福德街309巷7號南側,18,9,9
YouBike2.0_百齡國小,2023-11-08 10:43:16,士林區,前港街104號(對面),50,10,38
YouBike2.0_百齡高中,2023-11-08 10:43:16,士林區,承德路四段179巷/承德路4段口,15,11,4
YouBike2.0_石潭公園(安康路),2023-11-08 10:43:16,內湖區,安康路28號西北側,20,6,14
YouBike2.0_石牌國小,2023-11-08 10:43:16,北投區,石牌路一段142號(對面),26,1,25
YouBike2.0_石牌立農街口,2023-11-08 10:43:16,北投區,石牌路二段/立農街二段口,29,19,7
YouBike2.0_研究院舊莊街口,2023-11-08 10:43:16,南港區,舊莊街一段1號西側,30,2,28
YouBike2.0_碧山內湖路口,2023-11-08 10:43:16,內湖區,內湖路三段72巷15號西側,16,2,14
YouBike2.0_碧山公園,2023-11-08 10:43:16,內湖區,內湖路三段60巷28號東側,31,12,19
YouBike2.0_碧湖公園,2023-11-08 10:43:16,內湖區,內湖路二段/內湖路二段103巷口(東北側),15,0,15
YouBike2.0_碧湖公園(內湖路二段103巷),2023-11-08 10:43:16,內湖區,內湖路二段103巷76號(對面),19,1,18
YouBike2.0_社中街384巷口,2023-11-08 10:43:16,士林區,通河西街二段194號(對面),18,7,11
YouBike2.0_社子公園,2023-11-08 10:43:16,士林區,永平街20巷37弄/永平街20巷11弄(社子公園南側),14,7,7
YouBike2.0_社子國小,2023-11-08 10:43:16,士林區,社中街476號(對面),15,3,12
YouBike2.0_社子國小_1,2023-11-08 10:43:16,士林區,延平北路六段/社中街(社子國小對面跨提便道橋下),20,7,13
YouBike2.0_社子島島頭公園,2023-11-08 10:43:16,士林區,延平北路九段323號(後方堤外),15,9,6
YouBike2.0_社子島濕地解說小築,2023-11-08 10:43:16,士林區,社子島濕地解說小築,15,10,5
YouBike2.0_社子市場,2023-11-08 10:43:16,士林區,延平北路六段67號旁,15,6,9
YouBike2.0_社正公園,2023-11-08 10:43:16,士林區,社中街39號(對面),15,1,14
YouBike2.0_福國承德路口,2023-11-08 10:43:16,北投區,承德路六段80號南側,15,12,3
YouBike2.0_福壽公園,2023-11-08 10:43:16,內湖區,星雲街156號對側,14,0,14
YouBike2.0_福安國中,2023-11-08 10:43:16,士林區,延平北路七段250號(前),11,7,4
YouBike2.0_福安河濱公園,2023-11-08 10:43:16,士林區,延平北路七段145巷45號斜對面,14,4,10
YouBike2.0_福安消防分隊,2023-11-08 10:43:16,士林區,延平北路七段42之7號(對面),15,9,6
YouBike2.0_福山公園,2023-11-08 10:43:16,南港區,福山街44巷27號東南側,20,0,20
YouBike2.0_福德公園,2023-11-08 10:43:16,信義區,大道路與大道路145巷口,35,7,27
YouBike2.0_福德國小,2023-11-08 10:43:16,信義區,福德街251巷2號對側,35,1,34
YouBike2.0_福德國小公車站,2023-11-08 10:43:16,信義區,福德街308號對側,10,3,7
YouBike2.0_福星公園,2023-11-08 10:43:16,北投區,文林北路280號(對側公園),18,5,13
YouBike2.0_福林公園,2023-11-08 10:43:16,士林區,福林路/中山北路五段(東北側),17,4,12
YouBike2.0_福林公園(中正路),2023-11-08 10:43:16,士林區,中正路/志成街口(南側),27,2,25
YouBike2.0_福林國小,2023-11-08 10:43:16,士林區,福志路50號(對面),14,0,14
YouBike2.0_福港街停車場,2023-11-08 10:43:16,士林區,華齡街175號(旁),22,1,21
YouBike2.0_福祥公園,2023-11-08 10:43:16,信義區,松隆路99號西南側,19,9,10
YouBike2.0_福華商場,2023-11-08 10:43:16,內湖區,民權東路六段/民權東路六段180巷(西南側),20,0,20
YouBike2.0_秀山區民活動中心,2023-11-08 10:43:16,北投區,秀山路50號(旁),30,12,18
YouBike2.0_秀明路一段129巷口,2023-11-08 10:43:16,文山區,秀明路一段129巷與秀明路一段路口,22,1,21
YouBike2.0_秀明路一段185巷口,2023-11-08 10:43:16,文山區,秀明路一段與秀明路一段185巷口,20,1,19
YouBike2.0_移民署訓練中心,2023-11-08 10:43:16,文山區,興隆路三段306號,13,6,7
YouBike2.0_稻江高級護理家事職業學校,2023-11-08 10:43:16,中山區,農安街77巷與農安街77巷1弄口,14,2,12
YouBike2.0_稻香重三路口,2023-11-08 10:43:16,北投區,稻香重三路口(對面路側),15,7,8
YouBike2.0_立人國小,2023-11-08 10:43:16,大安區,安和路二段/敦化南路二段81巷(西南側),17,0,17
YouBike2.0_立功立德路口,2023-11-08 10:43:16,北投區,立德路15號(前),32,14,18
YouBike2.0_立法院台北會館,2023-11-08 10:43:16,中正區,博愛路217號旁,15,3,12
YouBike2.0_立農公園,2023-11-08 10:43:16,北投區,承德路七段/吉利街(西北側),21,4,16
YouBike2.0_立農國小,2023-11-08 10:43:16,北投區,立農街一段201號(對面),19,4,15
YouBike2.0_第二學生活動中心,2023-11-08 10:43:05,大安區,羅斯福路四段107號(西南側),25,2,23
YouBike2.0_第二果菜批發市場,2023-11-08 10:43:16,中山區,民族東路410巷2弄18號(東側),28,6,21
YouBike2.0_糖廍文化園區,2023-11-08 10:43:16,萬華區,大理街177號對側,14,0,13
YouBike2.0_紀州庵,2023-11-08 10:43:16,中正區,水源路/同安街口(東側),25,0,25
YouBike2.0_紹興徐州路口,2023-11-08 10:43:16,中正區,紹興南街/徐州路(東南側),18,18,0
YouBike2.0_統振大樓,2023-11-08 10:43:16,內湖區,安美街181號前,25,9,16
YouBike2.0_經國七海文化園區,2023-11-08 10:43:16,中山區,北安路301號前,15,14,1
YouBike2.0_經貿公園,2023-11-08 10:43:16,南港區,經園街58號北側,20,2,18
YouBike2.0_綠堤社區公園,2023-11-08 10:43:16,萬華區,大理街170巷與環河南路二段159巷口,22,7,14
YouBike2.0_羅斯福三段金門街口,2023-11-08 10:43:16,中正區,羅斯福路三段2號前,15,0,15
YouBike2.0_羅斯福寧波東街口,2023-11-08 10:43:16,中正區,羅斯福路一段/寧波東街(東南側),26,0,25
YouBike2.0_羅斯福景隆街口,2023-11-08 10:43:16,文山區,羅斯福路六段/景隆街口(東南側),20,3,17
YouBike2.0_羅斯福浦城街口,2023-11-08 10:43:16,大安區,羅斯福路三段117號前,15,0,15
YouBike2.0_羅斯福路三段245號前,2023-11-08 10:43:05,大安區,羅斯福路三段245號,8,0,8
YouBike2.0_羅斯福路三段311號前,2023-11-08 10:43:05,大安區,羅斯福路三段311號,11,1,10
YouBike2.0_羅斯福路二段6巷口,2023-11-08 10:43:16,中正區,羅斯福路二段/羅斯福路二段6巷口,14,3,11
YouBike2.0_羅斯福路四段113巷19弄口,2023-11-08 10:43:16,大安區,羅斯福路四段119巷84號對側,14,0,14
YouBike2.0_美崙公園,2023-11-08 10:43:16,士林區,美崙街118號斜對面人行道,13,2,11
YouBike2.0_美崙公園(東北側),2023-11-08 10:43:16,士林區,文林路587巷115號對側,15,3,12
YouBike2.0_老松國小,2023-11-08 10:43:16,萬華區,康定路238號(對面),50,11,39
YouBike2.0_老泉街籃球場,2023-11-08 10:43:16,文山區,老泉街26巷老泉街口(籃球場前),14,8,6
YouBike2.0_考試院,2023-11-08 10:43:16,文山區,試院路(雙號)/木柵路一段(東北側),22,8,14
YouBike2.0_聖山綠地,2023-11-08 10:43:16,士林區,忠義街94號(旁),15,0,15
YouBike2.0_聯合醫院中興院區,2023-11-08 10:43:16,大同區,長安西路299號(對面),27,18,8
YouBike2.0_聯合醫院和平院區,2023-11-08 10:43:16,中正區,中華路二段33號旁,32,12,20
YouBike2.0_聯合醫院陽明院區,2023-11-08 10:43:16,士林區,雨聲街105號(南側),15,8,7
YouBike2.0_育成高中,2023-11-08 10:43:16,南港區,惠民街71號西側,20,4,16
YouBike2.0_胡適公園,2023-11-08 10:43:16,南港區,研究院路二段/研究院路二段132巷北側,20,3,17
YouBike2.0_臥龍公園,2023-11-08 10:43:16,大安區,辛亥路三段223號西側,14,1,13
YouBike2.0_臥龍基隆路口,2023-11-08 10:43:16,大安區,臥龍街與基隆路二段口東北側,16,2,14
YouBike2.0_臥龍樂業街口,2023-11-08 10:43:16,大安區,臥龍街234-2號,41,1,40
YouBike2.0_臥龍街195巷口,2023-11-08 10:43:16,大安區,臥龍街/臥龍街195巷(南側),14,0,14
YouBike2.0_臨江公園,2023-11-08 10:43:16,大安區,通化街143巷33號對側,23,5,18
YouBike2.0_臨江街夜市(基隆路),2023-11-08 10:43:16,大安區,基隆路二段108號,17,5,12
YouBike2.0_臨江街夜市(通化街101巷口),2023-11-08 10:43:16,大安區,通化街111號,30,0,30
YouBike2.0_自來水園區,2023-11-08 10:43:16,中正區,中正區思源街16號對面人行道,40,2,37
YouBike2.0_至善臨溪路口,2023-11-08 10:43:16,士林區,至善路一段/臨溪路(西南側),22,12,10
YouBike2.0_至誠公園,2023-11-08 10:43:16,士林區,至誠路一段80號(對面),15,12,3
YouBike2.0_至誠路一段305巷口,2023-11-08 10:43:16,士林區,至誠路一段303號(對面),21,1,20
YouBike2.0_至誠雨聲街口,2023-11-08 10:43:16,士林區,至誠路二段與雨聲街口東北側,9,0,9
YouBike2.0_致伸科技大樓,2023-11-08 10:43:16,內湖區,瑞光路669號旁,17,16,1
YouBike2.0_致遠一路二段11巷,2023-11-08 10:43:16,北投區,自強街61巷8號(旁),22,2,19
YouBike2.0_致遠新村,2023-11-08 10:43:16,北投區,秀山路26號(懷遠新村社區入口南側),15,9,6
YouBike2.0_臺北健康護理大學(教研大樓),2023-11-08 10:43:16,北投區,石牌路二段185號對側,15,15,0
YouBike2.0_臺北南山廣場_1,2023-11-08 10:43:16,信義區,松智路/松廉路(東北側),68,17,47
YouBike2.0_臺北孔廟,2023-11-08 10:43:16,大同區,哈密街61號口對側人行道,37,1,36
YouBike2.0_臺北市國父史蹟館(逸仙公園),2023-11-08 10:43:16,中正區,中山北路一段46號北側,31,20,11
YouBike2.0_臺北市政府,2023-11-08 10:43:16,信義區,台北市政府東門(松智路),63,63,0
YouBike2.0_臺北市立圖書館(總館),2023-11-08 10:43:16,大安區,建國南路二段/建國南路二段151巷(橋下空間),45,1,44
YouBike2.0_臺北市立圖書館南港分館,2023-11-08 10:43:16,南港區,南港路一段350號,40,14,26
YouBike2.0_臺北市立圖書館大同分館,2023-11-08 10:43:16,大同區,重慶北路三段318號旁,20,11,9
YouBike2.0_臺北市立圖書館大直分館,2023-11-08 10:43:16,中山區,大直街28號對側,20,5,15
YouBike2.0_臺北市立大學(博愛校區),2023-11-08 10:43:16,中正區,愛國西路1號(前),59,50,6
YouBike2.0_臺北市立大學(天母校區),2023-11-08 10:43:16,士林區,士東路276號至280號對面人行道,23,0,23
YouBike2.0_臺北市立大學(忠誠路二段207巷),2023-11-08 10:43:16,士林區,忠誠路二段207巷/士東路299巷口,17,8,8
YouBike2.0_臺北市立天文館,2023-11-08 10:43:16,士林區,基河路363號(前),31,8,23
YouBike2.0_臺北市立景美女中,2023-11-08 10:43:16,文山區,木新路三段/一壽街(西北側),25,4,21
YouBike2.0_臺北市立美術館,2023-11-08 10:43:16,中山區,花博公園5號出入口旁,24,24,0
YouBike2.0_臺北市立美術館_1,2023-11-08 10:43:16,中山區,中山北路三段(花博流行館前),18,17,1
YouBike2.0_臺北市第一女子高級中學,2023-11-08 10:43:16,中正區,重慶南路一段165號旁,17,15,2
YouBike2.0_臺北市網球中心,2023-11-08 10:43:16,內湖區,民權東路六段208號(前),16,0,16
YouBike2.0_臺北市藝文推廣處,2023-11-08 10:43:16,松山區,八德路三段25號(前),45,13,32
YouBike2.0_臺北市電影主題公園(峨嵋街),2023-11-08 10:43:16,萬華區,峨嵋街100號(對面),15,0,15
YouBike2.0_臺北市電影主題公園(康定路),2023-11-08 10:43:16,萬華區,康定路18-2號(對面),15,3,12
YouBike2.0_臺北文化體育園區辦公大樓,2023-11-08 10:43:16,信義區,忠孝東路四段545號,33,17,16
YouBike2.0_臺北流行音樂中心(南港路),2023-11-08 10:43:16,南港區,南港路二段200-1號南側,21,12,9
YouBike2.0_臺北流行音樂中心(市民大道),2023-11-08 10:43:16,南港區,市民大道八段99號,21,21,0
YouBike2.0_臺北田徑場,2023-11-08 10:43:16,松山區,敦化北路/八德路三段(東北側),42,27,15
YouBike2.0_臺北田徑場(北寧路側),2023-11-08 10:43:16,松山區,八德路三段25號前,24,3,21
YouBike2.0_臺北科技大學(電機工程系),2023-11-08 10:43:16,大安區,忠孝東路三段100號對側,16,10,6
YouBike2.0_臺北自來水事業處,2023-11-08 10:43:05,中正區,思源街1號東側,20,0,20
YouBike2.0_臺北花市,2023-11-08 10:43:16,內湖區,新湖三路28號前人行道,20,3,17
YouBike2.0_臺北轉運站,2023-11-08 10:43:16,中正區,市民大道一段/中山北路一段(西北側),68,0,68
YouBike2.0_臺北轉運站(華陰街),2023-11-08 10:43:16,大同區,華陰街45號(對面),20,18,2
YouBike2.0_臺北遠企購物中心,2023-11-08 10:43:16,大安區,敦化南路二段201號前,33,9,24
YouBike2.0_臺北醫學大學,2023-11-08 10:43:16,信義區,台北醫學大學(吳興街220巷59弄),55,42,13
YouBike2.0_臺大一號館,2023-11-08 10:43:16,臺大公館校區,臺大植物魚類標本館一號館北側,19,0,19
YouBike2.0_臺大二號館,2023-11-08 10:43:16,臺大公館校區,臺大物理文物廳北側,10,0,10
YouBike2.0_臺大五號館西側,2023-11-08 10:43:16,臺大公館校區,臺大生物系館西側,20,1,19
YouBike2.0_臺大公館停車場西北側,2023-11-08 10:43:16,臺大公館校區,臺大公館停車場西北側,12,0,12
YouBike2.0_臺大共同教室北側,2023-11-08 10:43:16,臺大公館校區,臺大共同教學館東北側,20,0,20
YouBike2.0_臺大共同教室東南側,2023-11-08 10:43:16,臺大公館校區,臺大共同教學館東南側,12,0,12
YouBike2.0_臺大凝態館南側,2023-11-08 10:43:16,臺大公館校區,臺大物理系館南側,20,1,19
YouBike2.0_臺大動物醫院前,2023-11-08 10:43:05,大安區,基隆路三段155巷/基隆路四段口,18,15,3
YouBike2.0_臺大卓越研究大樓,2023-11-08 10:43:16,臺大公館校區,臺大水源舍區C南側,32,0,32
YouBike2.0_臺大博理館西側,2023-11-08 10:43:16,臺大公館校區,臺大博理館西側,22,13,0
YouBike2.0_臺大博雅館西側,2023-11-08 10:43:16,臺大公館校區,臺大博雅館西側,56,34,22
YouBike2.0_臺大原分所北側,2023-11-08 10:43:16,臺大公館校區,臺大原子與分子科學研究所東北側,12,9,0
YouBike2.0_臺大四號館東北側,2023-11-08 10:43:16,臺大公館校區,臺大園藝暨景觀學系北側,10,1,9
YouBike2.0_臺大國青大樓宿舍前,2023-11-08 10:43:05,大安區,辛亥路三段30號西北側,20,7,13
YouBike2.0_臺大圖資系館北側,2023-11-08 10:43:16,臺大公館校區,臺大圖書資訊館北側,25,19,0
YouBike2.0_臺大土木研究大樓前,2023-11-08 10:43:05,大安區,辛亥路三段188號,24,24,0
YouBike2.0_臺大土木系館,2023-11-08 10:43:16,臺大公館校區,臺大土木工程學系所南側,30,15,15
YouBike2.0_臺大大一女舍北側,2023-11-08 10:43:16,臺大公館校區,臺大女一舍北側,53,0,53
YouBike2.0_臺大天文數學館南側,2023-11-08 10:43:16,臺大公館校區,臺大天文數學館西南側,19,2,9
YouBike2.0_臺大女九舍西南側,2023-11-08 10:43:16,臺大公館校區,臺大女九舍西南側,62,31,0
YouBike2.0_臺大小小福西南側,2023-11-08 10:43:16,臺大公館校區,臺大進修教育大樓,10,0,10
YouBike2.0_臺大小福樓東側,2023-11-08 10:43:16,臺大公館校區,臺大小福樓東側,31,16,4
YouBike2.0_臺大工綜館南側,2023-11-08 10:43:16,臺大公館校區,臺大工學院東南側,26,16,0
YouBike2.0_臺大心理系館南側,2023-11-08 10:43:16,臺大公館校區,臺大心理學系南側,30,25,1
YouBike2.0_臺大思亮館東南側,2023-11-08 10:43:16,臺大公館校區,臺大思亮館東南側,10,7,3
YouBike2.0_臺大教研館北側,2023-11-08 10:43:16,臺大公館校區,臺大雅頌廣場東南側,11,6,5
YouBike2.0_臺大新生教室南側,2023-11-08 10:43:16,臺大公館校區,臺大新生教學館南側,18,11,0
YouBike2.0_臺大新體育館東南側,2023-11-08 10:43:16,臺大公館校區,臺大體育館東側,40,25,15
YouBike2.0_臺大明達館北側(員工宿舍),2023-11-08 10:43:16,臺大公館校區,明達館北側前空地,18,1,17
YouBike2.0_臺大明達館機車停車場,2023-11-08 10:43:16,臺大公館校區,臺大明達館西側,28,4,24
YouBike2.0_臺大森林館北側,2023-11-08 10:43:16,臺大公館校區,臺大森林系學系北側,10,9,1
YouBike2.0_臺大椰林小舖,2023-11-08 10:43:16,臺大公館校區,臺大椰林小舖旁,48,0,47
YouBike2.0_臺大樂學館東側,2023-11-08 10:43:16,臺大公館校區,臺大文學院西側,28,13,15
YouBike2.0_臺大檔案展示館,2023-11-08 10:43:16,臺大公館校區,臺大檔案展示館東北側,10,0,10
YouBike2.0_臺大水源修齊會館,2023-11-08 10:43:16,臺大公館校區,思源街16號之1旁,18,1,17
YouBike2.0_臺大水源舍區A棟,2023-11-08 10:43:16,臺大公館校區,汀洲路三段60巷2弄路側(A舍北側),37,0,37
YouBike2.0_臺大水源舍區B棟,2023-11-08 10:43:16,臺大公館校區,汀洲路三段60巷2弄路側(B舍北側),30,0,30
YouBike2.0_臺大永齡生醫工程館,2023-11-08 10:43:05,大安區,芳蘭路51號西北側,34,26,8
YouBike2.0_臺大法人語言訓練中心前,2023-11-08 10:43:05,大安區,臺大法人語言訓練中心北側,28,22,0
YouBike2.0_臺大獸醫館南側,2023-11-08 10:43:16,臺大公館校區,臺大獸醫系館南側,24,18,0
YouBike2.0_臺大環研大樓,2023-11-08 10:43:05,大安區,芳蘭路/基隆路三段155巷口,15,3,9
YouBike2.0_臺大生命科學館西北側,2023-11-08 10:43:16,臺大公館校區,臺大動物博物館西側,30,1,29
YouBike2.0_臺大男一舍前,2023-11-08 10:43:05,大安區,長興街50號西北側,61,0,61
YouBike2.0_臺大男七舍前,2023-11-08 10:43:05,大安區,長興街/長興街80巷口西側,20,9,11
YouBike2.0_臺大男八舍東側,2023-11-08 10:43:16,臺大公館校區,臺大男八舍東側,42,0,42
YouBike2.0_臺大男六舍前,2023-11-08 10:43:05,大安區,大安區長興街31號,46,0,46
YouBike2.0_臺大社會系館南側,2023-11-08 10:43:16,臺大公館校區,臺大社會及社工館南側,39,21,8
YouBike2.0_臺大社科院圖書館前,2023-11-08 10:43:05,大安區,辛亥路與復興南路口西南側,27,6,20
YouBike2.0_臺大社科院西側,2023-11-08 10:43:16,臺大公館校區,臺大社科院西側,42,29,0
YouBike2.0_臺大禮賢樓東南側,2023-11-08 10:43:16,臺大公館校區,臺大仰萃樓東南側,23,3,20
YouBike2.0_臺大立體機車停車場,2023-11-08 10:43:16,臺大公館校區,基隆路三段/基隆路三段156巷口北側,27,2,25
YouBike2.0_臺大第一活動中心西南側,2023-11-08 10:43:16,臺大公館校區,第一學生活動中心東南側,40,8,17
YouBike2.0_臺大第二行政大樓南側,2023-11-08 10:43:16,臺大公館校區,臺大行政大樓西側,27,1,26
YouBike2.0_臺大管理學院二館北側,2023-11-08 10:43:16,臺大公館校區,管理學院二號館北側,40,3,37
YouBike2.0_臺大綜合體育館停車場前,2023-11-08 10:43:05,大安區,臺大綜合體育館北側,25,1,24
YouBike2.0_臺大總圖書館西南側,2023-11-08 10:43:16,臺大公館校區,臺大圖書館西南側,30,19,11
YouBike2.0_臺大舊體育館西側,2023-11-08 10:43:16,臺大公館校區,臺大田徑場東側,33,18,15
YouBike2.0_臺大萬才館前,2023-11-08 10:43:05,大安區,臺大萬才館北側,20,20,0
YouBike2.0_臺大計資中心南側,2023-11-08 10:43:16,臺大公館校區,臺大計算機網路資訊中心南側,34,23,0
YouBike2.0_臺大資訊大樓,2023-11-08 10:43:16,大安區,辛亥路二段(臺大外語學院外),40,24,16
YouBike2.0_臺大農化新館西側,2023-11-08 10:43:16,臺大公館校區,臺大生化科技學系西側,10,0,10
YouBike2.0_臺大農業陳列館北側,2023-11-08 10:43:16,臺大公館校區,農業陳列館北側,45,0,45
YouBike2.0_臺大鄭江樓北側,2023-11-08 10:43:16,臺大公館校區,臺大新聞研究所南側,10,10,0
YouBike2.0_臺大醫學院附設癌醫中心,2023-11-08 10:43:05,大安區,基隆路三段155巷57號西側,20,4,8
YouBike2.0_臺大醫院兒童醫院,2023-11-08 10:43:16,中正區,中山南路8號(青島西路側),22,13,9
YouBike2.0_臺大電機二館東南側,2023-11-08 10:43:16,臺大公館校區,臺大電機二館南側,14,13,1
YouBike2.0_臺大鹿鳴堂東側,2023-11-08 10:43:16,臺大公館校區,臺大鹿鳴廣場人行道側,27,2,25
YouBike2.0_臺大黑森林西側,2023-11-08 10:43:16,臺大公館校區,臺大霖澤館南側,20,17,1
YouBike2.0_臺灣師範大學(圖書館),2023-11-08 10:43:16,大安區,和平東路一段129號前,40,2,37
YouBike2.0_臺灣師範大學(浦城街),2023-11-08 10:43:16,大安區,浦城街1號對側,15,2,13
YouBike2.0_臺灣戲曲中心,2023-11-08 10:43:16,士林區,文林路751號(南側),14,9,5
YouBike2.0_臺灣文學基地,2023-11-08 10:43:16,中正區,齊東街53巷10號,15,6,9
YouBike2.0_臺灣科技大學側門,2023-11-08 10:43:05,大安區,基隆路四段73巷與基隆路口,99,42,57
YouBike2.0_臺灣科技大學後門,2023-11-08 10:43:05,大安區,基隆路四段41巷68弄臺科帆船大樓旁,39,13,26
YouBike2.0_臺灣科技大學正門,2023-11-08 10:43:05,大安區,基隆路四段43號(臺灣科技大學正門旁小側門靠田徑場),30,4,22
YouBike2.0_興中立體停車場(興中路),2023-11-08 10:43:16,南港區,興中路44巷1號東側,26,7,19
YouBike2.0_興南公園,2023-11-08 10:43:16,南港區,重陽路269號南側,26,17,9
YouBike2.0_興安合江路口,2023-11-08 10:43:16,中山區,興安街60號對側,19,10,9
YouBike2.0_興安華城,2023-11-08 10:43:16,中山區,興安街53-4號對側,62,7,54
YouBike2.0_興得閱覽室,2023-11-08 10:43:16,文山區,興隆路三段304巷145號,24,6,18
YouBike2.0_興旺公園,2023-11-08 10:43:16,文山區,福興路106巷28弄96號(對面),30,12,14
YouBike2.0_興福國中,2023-11-08 10:43:16,文山區,福興路95巷/福興路63巷4弄口,25,0,24
YouBike2.0_興豐公園,2023-11-08 10:43:16,文山區,興隆路二段123巷/興隆路二段(西北側),21,4,17
YouBike2.0_興隆公共住宅D2區,2023-11-08 10:43:16,文山區,興隆路四段105巷49號(旁),19,4,15
YouBike2.0_興隆路2段203巷,2023-11-08 10:43:16,文山區,興隆路2段203巷108號(對面),32,8,24
YouBike2.0_興隆路二段203巷(敦南),2023-11-08 10:43:16,文山區,興隆路二段203巷16號,27,2,25
YouBike2.0_興隆路二段275巷1弄口,2023-11-08 10:43:16,文山區,興隆路二段275巷1弄2號前,16,1,15
YouBike2.0_興雅國中,2023-11-08 10:43:16,信義區,松仁路101號東側,18,1,11
YouBike2.0_興雅國小(基隆路一段37巷),2023-11-08 10:43:16,信義區,基隆路一段83巷9號西側,15,5,10
YouBike2.0_興雅松仁路口,2023-11-08 10:43:16,信義區,松仁路28號北側,65,52,13
YouBike2.0_舊宗新湖三路口,2023-11-08 10:43:16,內湖區,舊宗路一段/新湖三路(南側),18,13,5
YouBike2.0_舊宗新湖二路口,2023-11-08 10:43:16,內湖區,舊宗路一段/新湖二路(南側),17,3,12
YouBike2.0_舊宗行善路口,2023-11-08 10:43:16,內湖區,行善路179號西側,9,7,2
YouBike2.0_舊莊區民活動中心,2023-11-08 10:43:16,南港區,舊莊街一段91巷11號西南側,18,0,17
YouBike2.0_舊莊國小(舊莊街一段),2023-11-08 10:43:16,南港區,舊莊街一段/舊莊街一段145巷口,15,0,15
YouBike2.0_舊莊派出所,2023-11-08 10:43:16,南港區,舊莊街一段/舊莊街一段215巷,15,1,14
YouBike2.0_艋舺大道146巷口,2023-11-08 10:43:16,萬華區,艋舺大道142號前,14,1,13
YouBike2.0_艋舺西藏路口,2023-11-08 10:43:16,萬華區,艋舺大道與西藏路口西南側(華翠大橋下),20,11,9
YouBike2.0_芝山國小,2023-11-08 10:43:16,士林區,德行東路285號(德行東路283巷側人行道),30,5,25
YouBike2.0_芝山抽水站,2023-11-08 10:43:16,士林區,至誠路二段47-49號(前),30,0,30
YouBike2.0_芝山聖佑宮,2023-11-08 10:43:16,士林區,雨聲街90號旁,15,8,7
YouBike2.0_芳和國中,2023-11-08 10:43:16,大安區,臥龍街170號(前),28,18,10
YouBike2.0_芳蘭山莊,2023-11-08 10:43:16,大安區,基隆路三段155巷148號,16,6,10
YouBike2.0_莒光和平路口,2023-11-08 10:43:16,中正區,莒光路2號前,20,10,10
YouBike2.0_莒光大埔街口,2023-11-08 10:43:16,中正區,莒光路/大埔街口(東北側),32,4,28
YouBike2.0_莒光社會住宅,2023-11-08 10:43:16,萬華區,萬大路與興寧街66巷22弄口西北側,30,11,19
YouBike2.0_莒光立體停車場,2023-11-08 10:43:16,萬華區,莒光路137號前,10,0,9
YouBike2.0_莒光郵局,2023-11-08 10:43:16,萬華區,莒光路210號前,16,0,16
YouBike2.0_華中疏散門,2023-11-08 10:43:16,萬華區,環河南路三段371號前,12,0,12
YouBike2.0_華固創富中心,2023-11-08 10:43:16,北投區,承德路六段120號(北側地下室車道旁),15,5,10
YouBike2.0_華山公園,2023-11-08 10:43:16,中山區,市民大道與長安東路一段52巷口,19,1,18
YouBike2.0_華山文創園區,2023-11-08 10:43:16,中正區,忠孝東路二段41號,39,16,23
YouBike2.0_華江八號公園,2023-11-08 10:43:16,萬華區,環河南路二段216號旁,20,0,20
YouBike2.0_華江國小,2023-11-08 10:43:16,萬華區,環河南路二段250巷25弄2號對側,23,0,23
YouBike2.0_華江污水廠,2023-11-08 10:43:16,萬華區,桂林路246巷66號南側,20,7,13
YouBike2.0_華江高中,2023-11-08 10:43:16,萬華區,東園街35巷14號對側,50,44,6
YouBike2.0_華聲公園,2023-11-08 10:43:16,士林區,華聲街17號(南側路側),27,0,27
YouBike2.0_華西公園,2023-11-08 10:43:16,萬華區,桂林路134號(對面),33,1,32
YouBike2.0_華齡公園,2023-11-08 10:43:16,士林區,劍潭路76號(對面),25,4,21
YouBike2.0_華齡街185巷口,2023-11-08 10:43:16,士林區,華齡街188號(前),12,0,11
YouBike2.0_萊茵公園,2023-11-08 10:43:16,文山區,忠順街二段87巷25弄29號,14,4,10
YouBike2.0_萬和三號公園(北側),2023-11-08 10:43:16,文山區,溪洲街107巷(公園北側),13,0,13
YouBike2.0_萬和二號公園,2023-11-08 10:43:16,文山區,萬隆街255號(對面),26,1,25
YouBike2.0_萬大國小(萬大路344巷口),2023-11-08 10:43:16,萬華區,萬大路346號(旁),18,7,11
YouBike2.0_萬大路486巷口,2023-11-08 10:43:16,萬華區,萬大路482號(旁),10,7,0
YouBike2.0_萬大路493巷,2023-11-08 10:43:16,萬華區,萬大路493巷44號旁,10,0,10
YouBike2.0_萬有3號公園,2023-11-08 10:43:16,文山區,景隆街105號(對面),14,1,13
YouBike2.0_萬美萬安街口,2023-11-08 10:43:16,文山區,萬美街一段/萬安街口,16,3,13
YouBike2.0_萬興國小,2023-11-08 10:43:16,文山區,秀明路二段114號公車亭旁,16,1,15
YouBike2.0_萬華266號綠地,2023-11-08 10:43:16,萬華區,康定路81號(對面),15,0,14
YouBike2.0_萬華國中_1,2023-11-08 10:43:16,萬華區,西藏路 / 莒光路299巷口(東南側),26,16,10
YouBike2.0_萬華火車站,2023-11-08 10:43:16,萬華區,艋舺大道83號(前),53,1,52
YouBike2.0_萬華火車站(D2廣場),2023-11-08 10:43:16,萬華區,康定路/康定路287巷(東南側),17,1,15
YouBike2.0_萬華青年公宅,2023-11-08 10:43:16,萬華區,青年路188號前,23,3,20
YouBike2.0_葫蘆國小,2023-11-08 10:43:16,士林區,環河北路三段/葫蘆街(東北側),20,0,19
YouBike2.0_葫蘆國小(延平北路五段285巷),2023-11-08 10:43:16,士林區,環河北路三段/延平北路五段285巷,15,0,15
YouBike2.0_蔣渭水紀念公園,2023-11-08 10:43:16,大同區,錦西街/興城街口(西南側),24,8,15
YouBike2.0_蘭興公園,2023-11-08 10:43:16,士林區,中山北路六段/士東路(西北側),48,1,47
YouBike2.0_蘭雅公園,2023-11-08 10:43:16,士林區,忠誠路二段/忠誠路二段40巷(西南側),32,12,20
YouBike2.0_蘭雅國小,2023-11-08 10:43:16,士林區,礦溪街與中山北路六段195巷口,30,20,10
YouBike2.0_虎林永吉路口,2023-11-08 10:43:16,信義區,永吉路356號東側,15,0,14
YouBike2.0_螢圃里小公園,2023-11-08 10:43:16,中正區,汀州路二段135號對側,19,0,19
YouBike2.0_螢橋公園,2023-11-08 10:43:16,中正區,和平西路一段110號旁,15,0,15
YouBike2.0_螢橋國小,2023-11-08 10:43:16,中正區,泉州街32號對面人行道,32,0,32
YouBike2.0_行善公園,2023-11-08 10:43:16,內湖區,潭美街27號西側,20,0,20
YouBike2.0_行善社會住宅,2023-11-08 10:43:16,內湖區,行愛路與新湖一路口西南側,23,3,20
YouBike2.0_行善行愛路口,2023-11-08 10:43:16,內湖區,行善路243號(前),12,9,3
YouBike2.0_行善路25巷口,2023-11-08 10:43:16,內湖區,行善路39號(前),21,8,13
YouBike2.0_行善路383巷,2023-11-08 10:43:16,內湖區,行善路383巷27號對側,17,11,6
YouBike2.0_裕民二路33巷,2023-11-08 10:43:16,北投區,裕民二路33巷/裕民六路(西北側),15,1,13
YouBike2.0_西園公園,2023-11-08 10:43:16,萬華區,東園街35巷/東園街67巷交叉口,14,7,7
YouBike2.0_西園艋舺路口,2023-11-08 10:43:16,萬華區,西園路二段與艋舺大道口西南側,32,8,24
YouBike2.0_西康二號公園,2023-11-08 10:43:16,內湖區,文湖街60巷/環山路一段24巷(北側),21,1,20
YouBike2.0_西康公園,2023-11-08 10:43:16,內湖區,內湖路一段225巷口,16,1,15
YouBike2.0_西本願寺廣場,2023-11-08 10:43:16,萬華區,中華路一段164號(前),65,1,64
YouBike2.0_西松公園,2023-11-08 10:43:16,松山區,健康路/南京東路五段251巷50弄(西側),11,0,11
YouBike2.0_西松高中,2023-11-08 10:43:16,松山區,健康路325巷5弄5號(前),14,0,14
YouBike2.0_西松高中(健康路325巷),2023-11-08 10:43:16,松山區,健康路325巷 / 健康路325巷12弄口(東北側),31,1,30
YouBike2.0_試院公園,2023-11-08 10:43:16,文山區,木柵路一段59巷29號對側,15,3,12
YouBike2.0_豐年公園,2023-11-08 10:43:16,北投區,大業路529號(對面),20,2,18
YouBike2.0_豐年公園_1,2023-11-08 10:43:16,北投區,大業路539號,18,1,17
YouBike2.0_象山公園,2023-11-08 10:43:16,信義區,松仁路153巷15號東側,35,21,14
YouBike2.0_貓公園(中興橋頭),2023-11-08 10:43:16,萬華區,成都路108號(對面),15,1,14
YouBike2.0_貿七社區,2023-11-08 10:43:16,內湖區,內湖路二段179巷48弄17號(旁),17,0,17
YouBike2.0_辛亥復興路口西北側,2023-11-08 10:43:05,大安區,復興南路二段368號,16,0,16
YouBike2.0_辛亥新生路口東南側,2023-11-08 10:43:05,大安區,辛亥新生路口東南側,41,1,40
YouBike2.0_辛亥新生路口西北側,2023-11-08 10:43:16,大安區,辛亥路一段/新生南路三段(西北側),12,0,12
YouBike2.0_辛亥泰順街口,2023-11-08 10:43:16,大安區,辛亥泰順街口東南側,20,0,20
YouBike2.0_辛亥生態公園,2023-11-08 10:43:16,文山區,辛亥路四段199號,18,12,6
YouBike2.0_辛亥路一段30號前,2023-11-08 10:43:05,大安區,辛亥路一段30號,8,0,8
YouBike2.0_辛亥路三段157巷口,2023-11-08 10:43:16,大安區,辛亥路三段與辛亥路三段157巷口西北側,19,1,18
YouBike2.0_辛亥路四段77巷口,2023-11-08 10:43:16,文山區,辛亥路四段77巷口,14,1,13
YouBike2.0_農安雙城街口,2023-11-08 10:43:16,中山區,農安街12-1號前方,15,6,9
YouBike2.0_迪化休閒運動公園,2023-11-08 10:43:16,大同區,延平北路四段200號(南側),15,3,12
YouBike2.0_通北街65巷口,2023-11-08 10:43:16,中山區,通北街/通北街65巷口(東北側),16,0,16
YouBike2.0_通安區民活動中心,2023-11-08 10:43:16,大安區,通安街129號對面,19,0,19
YouBike2.0_通河東街2段10巷口,2023-11-08 10:43:16,士林區,通河東街2段5號(對面),15,7,8
YouBike2.0_通河東街大南路口,2023-11-08 10:43:16,士林區,通河東街1段192號(旁),15,5,10
YouBike2.0_通河街76巷/承德路四段10巷口,2023-11-08 10:43:16,士林區,承德路四段10巷37號(旁),14,2,12
YouBike2.0_週美里活動廣場,2023-11-08 10:43:16,內湖區,潭美街139號對側,17,0,17
YouBike2.0_達爾文大樓,2023-11-08 10:43:16,內湖區,洲子街61號,15,7,8
YouBike2.0_遠雄時代總部,2023-11-08 10:43:16,內湖區,瑞光路423號,14,7,4
YouBike2.0_郵政博物館,2023-11-08 10:43:16,中正區,重慶南路二段45號前方(郵政博物館前),24,12,8
YouBike2.0_酒泉延平路口,2023-11-08 10:43:16,大同區,酒泉街235號前,26,4,21
YouBike2.0_重慶保安街口(家樂福重慶店),2023-11-08 10:43:16,大同區,重慶北路二段171號(旁),20,8,12
YouBike2.0_重慶北葫東街口,2023-11-08 10:43:16,士林區,重慶北路四段177號(前),15,14,1
YouBike2.0_重慶北路三段383巷口,2023-11-08 10:43:16,大同區,敦煌路與重慶北路三段383巷口,25,0,25
YouBike2.0_重慶北路四段117號,2023-11-08 10:43:16,士林區,重慶北路四段117號(前),18,0,18
YouBike2.0_重慶北路四段190巷口,2023-11-08 10:43:16,士林區,重慶北路四段198號(前),13,0,13
YouBike2.0_重慶北通河西街口,2023-11-08 10:43:16,士林區,重慶北路四段276號(前),12,0,12
YouBike2.0_重慶南海路口西南側,2023-11-08 10:43:16,中正區,重慶南路二段與南海路口西南側,16,12,4
YouBike2.0_重慶南詔安街口,2023-11-08 10:43:16,中正區,重慶南路三段/詔安街,15,3,11
YouBike2.0_重慶國中,2023-11-08 10:43:16,大同區,敦煌路19號前,37,21,16
YouBike2.0_重慶民族路口,2023-11-08 10:43:16,大同區,重慶北路三段162號前,26,10,15
YouBike2.0_重慶涼州街口,2023-11-08 10:43:16,大同區,重慶北路二段180號旁,13,2,11
YouBike2.0_重慶酒泉街口,2023-11-08 10:43:16,大同區,重慶北路三段260號前,30,2,28
YouBike2.0_重慶長安路口,2023-11-08 10:43:16,大同區,長安西路244號(重慶路側),15,1,14
YouBike2.0_金山信義路口,2023-11-08 10:43:16,中正區,金山南路一段148號前側,25,1,24
YouBike2.0_金杭公園,2023-11-08 10:43:16,大安區,愛國東路21巷與杭州南路二段25巷口東南側,20,4,16
YouBike2.0_金湖星雲街口,2023-11-08 10:43:16,內湖區,金湖路83號對側,30,0,30
YouBike2.0_金湖路347巷125弄口,2023-11-08 10:43:16,內湖區,金湖路347巷125弄1號(對面),15,0,15
YouBike2.0_金瑞公園,2023-11-08 10:43:16,內湖區,金龍路203-8號北側,20,1,19
YouBike2.0_金甌女中,2023-11-08 10:43:16,大安區,信義路二段與杭州南路二段東南側,12,11,1
YouBike2.0_金華公園,2023-11-08 10:43:16,大安區,金華街249號對面,35,2,33
YouBike2.0_金華杭州南路口,2023-11-08 10:43:16,中正區,金華街口/杭州南路二段西北側,21,9,12
YouBike2.0_金龍公園,2023-11-08 10:43:16,內湖區,金龍路112巷口(金龍公園側),15,0,15
YouBike2.0_銘傳國小側門,2023-11-08 10:43:05,大安區,羅斯福路四段21號旁天橋下,7,0,7
YouBike2.0_銘傳大學,2023-11-08 10:43:16,士林區,中山北路五段250號(銘傳大學對側),30,0,29
YouBike2.0_銘傳大學(中山北路五段280巷口),2023-11-08 10:43:16,士林區,中山北路五段280巷口,23,23,0
YouBike2.0_錦州吉林路口,2023-11-08 10:43:16,中山區,錦州街174號前,20,1,19
YouBike2.0_錦德公園,2023-11-08 10:43:16,萬華區,德昌街243號前,16,7,8
YouBike2.0_長壽公園,2023-11-08 10:43:16,松山區,健康路174號(旁),15,6,9
YouBike2.0_長寧大廈社區(南側),2023-11-08 10:43:16,中山區,遼寧街201巷13號前,15,7,8
YouBike2.0_長春一江街口,2023-11-08 10:43:16,中山區,長春路135號前,11,9,2
YouBike2.0_長春吉林路口,2023-11-08 10:43:16,中山區,長春路120號前,10,8,2
YouBike2.0_長春慶城街口,2023-11-08 10:43:16,松山區,長春路431號前,16,15,1
YouBike2.0_長春路137巷口,2023-11-08 10:43:16,中山區,民生東路二段134號前,16,0,16
YouBike2.0_長春路258巷2弄口,2023-11-08 10:43:16,中山區,長春路258巷6號北側,15,3,12
YouBike2.0_長春龍江路口,2023-11-08 10:43:16,中山區,長春路與龍江路口西北側,24,3,21
YouBike2.0_長沙公園,2023-11-08 10:43:16,萬華區,環河南路一段280-1號(對面),24,1,23
YouBike2.0_長順區民活動中心,2023-11-08 10:43:16,萬華區,長順街127號前,26,13,13
YouBike2.0_長順艋舺大道口,2023-11-08 10:43:16,萬華區,長順街與雙園街106巷口,26,24,2
YouBike2.0_長順街60巷口,2023-11-08 10:43:16,萬華區,長順街60巷38號對側,15,2,13
YouBike2.0_開封西寧路口,2023-11-08 10:43:16,萬華區,西寧南路12號(對面),41,3,36
YouBike2.0_關渡宮,2023-11-08 10:43:16,北投區,知行路360號(旁),40,18,22
YouBike2.0_關渡自然公園,2023-11-08 10:43:16,北投區,關渡路68號(對面),22,9,13
YouBike2.0_關渡醫院,2023-11-08 10:43:16,北投區,知行路235巷7號(對面),14,4,10
YouBike2.0_陳天來故居,2023-11-08 10:43:16,大同區,西寧北路112號前方,18,10,8
YouBike2.0_陽光公園,2023-11-08 10:43:16,內湖區,陽光街與文德路220巷口西側,16,6,10
YouBike2.0_陽光舊宗路口,2023-11-08 10:43:16,內湖區,陽光街/舊宗路二段,20,14,6
YouBike2.0_陽光街161巷口,2023-11-08 10:43:16,內湖區,陽光街161巷14號對側,16,0,16
YouBike2.0_陽明交大圖書館,2023-11-08 10:43:16,北投區,陽明交大圖書館後方機車停車場,37,22,15
YouBike2.0_陽明大學,2023-11-08 10:43:16,北投區,東華街二段136號(對面),30,1,29
YouBike2.0_陽明高中,2023-11-08 10:43:16,士林區,中正路510號(前),36,9,27
YouBike2.0_雅祥公園(松信路50巷口),2023-11-08 10:43:16,信義區,松信路61號西側,12,1,11
YouBike2.0_雙園國中,2023-11-08 10:43:16,萬華區,西園路二段320巷與興義街口,24,10,14
YouBike2.0_雙園國中地下停車場,2023-11-08 10:43:16,萬華區,西園路二段320巷55弄8-10號前,12,3,9
YouBike2.0_雙蓮國小,2023-11-08 10:43:16,大同區,民權西路102巷4弄25號對側人行道,20,1,17
YouBike2.0_雨聲街165巷口,2023-11-08 10:43:16,士林區,雨聲街/雨聲街165巷(西北側),15,9,5
YouBike2.0_雨農國小,2023-11-08 10:43:16,士林區,忠義街6號對側,14,0,14
YouBike2.0_雨農橋,2023-11-08 10:43:16,士林區,福志路14巷42號(對面),16,0,16
YouBike2.0_青年公園3號出口,2023-11-08 10:43:16,萬華區,青年路/青年路106巷(東側),38,22,16
YouBike2.0_青年公園棒球場,2023-11-08 10:43:16,萬華區,青年路66號對側,28,12,14
YouBike2.0_青年公園籃球場,2023-11-08 10:43:16,萬華區,青年公園籃球場南側,16,4,12
YouBike2.0_青年公園高爾夫球場,2023-11-08 10:43:16,萬華區,國興路42號對側,16,6,9
YouBike2.0_青年路152巷口,2023-11-08 10:43:16,萬華區,青年路152巷59號對側,16,5,9
YouBike2.0_革新公園,2023-11-08 10:43:16,信義區,松隆路36號對側,14,0,14
YouBike2.0_饒河疏散門(基四號疏散門),2023-11-08 10:43:16,松山區,松河街182號對側,19,0,19
YouBike2.0_鵬程公園,2023-11-08 10:43:16,松山區,健康路399號北側,24,2,21
YouBike2.0_麗山國小,2023-11-08 10:43:16,內湖區,內湖路一段411巷56號東側,15,0,15
YouBike2.0_麗山高中,2023-11-08 10:43:16,內湖區,環山路二段141號北側,25,9,15
YouBike2.0_麗湖國小,2023-11-08 10:43:16,內湖區,金湖路363巷11號(對面),18,14,4
YouBike2.0_黎忠區民活動中心,2023-11-08 10:43:16,信義區,和平東路三段391巷16號,16,2,14
YouBike2.0_黎雙公園,2023-11-08 10:43:16,信義區,信安街103巷/吳興街284巷22弄,17,3,14
YouBike2.0_龍城市場,2023-11-08 10:43:16,松山區,光復北路190巷35號對側,15,1,14
YouBike2.0_龍山國中,2023-11-08 10:43:16,萬華區,南寧路與廣州街口南側,15,5,10
YouBike2.0_龍山國小,2023-11-08 10:43:16,萬華區,和平西路三段235號(旁),24,2,21
YouBike2.0_龍江朱崙街口,2023-11-08 10:43:16,中山區,龍江路/朱崙街口西北側,14,11,3
YouBike2.0_龍江錦州街口,2023-11-08 10:43:16,中山區,龍江路287號前方,16,11,5
YouBike2.0_龍興里活動中心,2023-11-08 10:43:16,中正區,三元街131號旁,21,0,21
YouBike2.0_龍門廣場,2023-11-08 10:43:16,大安區,敦化南路一段與敦化南路一段236巷口,50,16,34
