站名,可借,可還,更新時間
YouBike2.0_捷運科技大樓站,1,27,2022-02-18 09:21:04
YouBike2.0_復興南路二段273號前,0,15,2022-02-18 08:44:03
YouBike2.0_國北教大實小東側門,0,16,2022-02-18 09:21:04
YouBike2.0_和平公園東側,0,11,2022-02-18 08:27:04
YouBike2.0_辛亥復興路口西北側,0,15,2022-02-18 09:10:32
YouBike2.0_復興南路二段280號前,2,9,2022-02-18 09:21:04
YouBike2.0_復興南路二段340巷口,0,11,2022-02-18 09:02:04
YouBike2.0_新生南路三段52號前,0,17,2022-02-18 09:10:32
YouBike2.0_新生南路三段66號前,2,14,2022-02-18 09:07:12
YouBike2.0_新生南路三段82號前,2,17,2022-02-18 09:14:11
YouBike2.0_羅斯福路三段333巷9號旁,0,7,2021-12-11 09:31:03
YouBike2.0_辛亥路一段30號前,0,8,2022-02-18 07:48:03
YouBike2.0_和平復興路口西北側,0,9,2022-02-18 09:04:03
YouBike2.0_羅斯福路三段311號前,0,11,2022-02-18 09:10:32
YouBike2.0_大安運動中心停車場,1,13,2022-02-18 09:10:32
YouBike2.0_羅斯福路三段245號前,0,8,2022-02-18 07:42:04
YouBike2.0_羅斯福路三段269巷5號前,0,10,2022-01-19 09:31:03
YouBike2.0_溫州公園,0,5,2022-02-18 09:05:22
YouBike2.0_和平臥龍街口,3,12,2022-02-18 09:18:13
YouBike2.0_溫州停車場,2,3,2022-02-18 09:11:12
YouBike2.0_銘傳國小側門,1,6,2022-02-18 08:58:11
YouBike2.0_捷運公館站(2號出口),0,60,2022-02-18 09:21:04
YouBike2.0_第二學生活動中心,1,26,2022-02-18 09:13:03
YouBike2.0_臺灣科技大學正門,3,27,2022-02-18 09:13:12
YouBike2.0_臺灣科技大學側門,7,28,2022-02-18 09:18:13
YouBike2.0_公館公園,7,8,2022-02-18 09:09:11
YouBike2.0_臺灣科技大學後門,20,19,2022-02-18 09:18:13
YouBike2.0_臺大醫學院附設癌醫中心,12,8,2022-02-18 09:14:11
YouBike2.0_臺大環研大樓,6,9,2022-02-18 09:16:08
YouBike2.0_臺大永齡生醫工程館,8,26,2022-02-18 09:09:11
YouBike2.0_臺大男七舍前,5,15,2022-02-18 09:19:12
YouBike2.0_臺大男一舍前,0,61,2022-02-18 09:02:04
YouBike2.0_臺大男六舍前,0,46,2022-02-18 09:16:03
YouBike2.0_臺大動物醫院前,16,2,2022-02-18 09:18:13
YouBike2.0_臺大土木研究大樓前,11,0,2022-02-18 09:21:04
YouBike2.0_臺大萬才館前,8,12,2022-02-18 09:19:12
YouBike2.0_臺大國青大樓宿舍前,3,17,2022-02-18 09:18:13
YouBike2.0_臺大社科院圖書館前,6,21,2022-02-18 09:07:12
YouBike2.0_臺大法人語言訓練中心前,13,15,2022-02-18 09:18:13
YouBike2.0_臺大綜合體育館停車場前,0,25,2022-02-18 09:12:04
YouBike2.0_辛亥新生路口東南側,0,19,2022-02-18 08:57:04
YouBike2.0_基隆長興路口東側,1,14,2022-02-18 09:21:04
YouBike2.0_國北教大側門南側,3,22,2022-02-18 09:19:12
YouBike2.0_和平實小東北側,3,10,2022-02-18 09:10:40
YouBike2.0_大安區健康服務中心,1,14,2022-02-18 08:58:11
YouBike2.0_辛亥泰順街口,0,20,2022-02-18 09:16:03
YouBike2.0_芳和國中,12,16,2022-02-18 09:19:12
YouBike2.0_辛亥基隆路口,0,20,2021-11-01 14:46:03
YouBike2.0_臥龍樂業街口,6,13,2022-02-18 09:00:41
YouBike2.0_臥龍公園,8,6,2022-02-18 08:44:11
YouBike2.0_嘉興公園,2,18,2022-02-18 09:19:12
YouBike2.0_捷運麟光站(2號出口),9,16,2022-02-18 08:53:12
YouBike2.0_捷運六張犁站,0,18,2022-02-18 09:18:04
YouBike2.0_喬治工商,7,9,2022-02-18 09:06:12
YouBike2.0_法治公園,3,12,2022-02-18 08:18:14
YouBike2.0_捷運臺電大樓站(2號出口),0,14,2022-02-18 09:02:04
YouBike2.0_和平金山路口,5,27,2022-02-18 08:52:11
YouBike2.0_和平龍泉街口,7,10,2022-02-18 09:18:13
YouBike2.0_和平泰順街口,1,8,2022-02-18 09:13:12
YouBike2.0_臺灣師範大學(圖書館),9,4,2022-02-18 09:10:40
YouBike2.0_捷運古亭站(6號出口),1,14,2022-02-18 09:00:32
YouBike2.0_捷運古亭站(5號出口),0,14,2022-02-18 08:44:03
YouBike2.0_臺北市立圖書館(總館),10,9,2022-02-18 09:16:08
YouBike2.0_新生和平路口東北側,3,12,2022-02-18 08:57:11
YouBike2.0_建國和平路口西北側,3,17,2022-02-18 09:09:11
YouBike2.0_金華公園,1,10,2022-02-18 09:18:04
YouBike2.0_捷運東門站(3號出口),0,15,2022-02-18 09:04:03
YouBike2.0_金甌女中,2,10,2022-02-18 08:32:12
YouBike2.0_金杭公園,3,17,2022-02-18 09:07:12
YouBike2.0_愛國金山路口,14,7,2022-02-18 09:19:12
YouBike2.0_敦化南路二段293巷口南側,0,14,2022-02-18 09:08:03
YouBike2.0_敦化基隆路口,0,16,2022-02-18 09:08:03
YouBike2.0_安和路二段181巷口,8,9,2022-02-18 09:10:40
YouBike2.0_臨江街夜市(通化街101巷口),9,20,2022-02-18 09:11:12
YouBike2.0_臨江街夜市(基隆路),8,9,2022-02-18 09:18:13
YouBike2.0_台北科技大學億光大樓,19,27,2022-02-18 09:12:12
YouBike2.0_新生南路一段119巷口,0,33,2022-02-18 09:10:32
YouBike2.0_幸安國小(仁愛路),6,10,2022-02-18 09:13:12
YouBike2.0_民榮公園,9,4,2022-02-18 09:16:08
YouBike2.0_復興南路1段340巷口,17,1,2022-02-18 09:02:12
YouBike2.0_建國濟南路口,10,8,2022-02-18 08:59:11
YouBike2.0_捷運忠孝復興站(2號出口),6,16,2022-02-18 09:18:13
YouBike2.0_捷運大安站(4號出口),1,12,2022-02-18 09:18:13
YouBike2.0_捷運大安站(2號出口),17,5,2022-02-18 09:12:12
YouBike2.0_信義大安路口(信維大樓),4,8,2022-02-18 09:09:11
YouBike2.0_龍門廣場,9,10,2022-02-18 08:59:11
YouBike2.0_仁愛安和路口,1,7,2022-02-18 09:09:03
YouBike2.0_信義敦化路口,6,13,2022-02-18 09:03:12
YouBike2.0_仁愛國中,8,17,2022-02-18 08:53:12
YouBike2.0_捷運信義安和站(2號出口),1,25,2022-02-18 09:18:13
YouBike2.0_八德市場,1,29,2022-02-18 09:21:04
YouBike2.0_昌隆公園,8,8,2022-02-18 09:16:09
YouBike2.0_捷運大安森林公園站(2號出口),0,22,2022-02-18 09:00:32
YouBike2.0_信義延吉街口,0,15,2022-02-18 09:18:04
YouBike2.0_光信公園(光復南路456巷),11,4,2022-02-18 09:07:12
YouBike2.0_僑安地下停車場(2號出口)東南側,0,20,2022-02-18 07:55:22
YouBike2.0_建國南路一段279巷口,9,5,2022-02-18 09:08:11
YouBike2.0_捷運忠孝新生站(6號出口),0,15,2022-02-18 08:25:22
YouBike2.0_大安高工,9,14,2022-02-18 09:10:40
YouBike2.0_捷運忠孝新生站(3號出口),6,17,2022-02-18 09:16:09
YouBike2.0_瑠公公園,6,14,2022-02-18 09:18:13
YouBike2.0_敦化市民路口,11,14,2022-02-18 09:14:11
YouBike2.0_捷運大安森林公園站(5號出口),0,15,2022-02-18 09:04:03
YouBike2.0_信義建國路口,0,13,2022-02-18 09:00:32
YouBike2.0_東豐公園,3,8,2022-02-18 09:10:40
YouBike2.0_德安公園(四維路66巷),7,7,2022-02-18 08:58:11
YouBike2.0_捷運忠孝復興站(5號出口),5,16,2022-02-18 09:12:12
YouBike2.0_捷運忠孝敦化站(2號出口),7,10,2022-02-18 09:00:41
YouBike2.0_捷運忠孝敦化站(7號出口),12,4,2022-02-18 09:19:12
YouBike2.0_瑞安街208巷,14,1,2022-02-18 09:19:12
YouBike2.0_樂利路21巷口,5,12,2022-02-18 09:18:13
YouBike2.0_捷運國父紀念館站(2號出口),3,12,2022-02-18 09:19:12
YouBike2.0_仁愛醫院,4,6,2022-02-18 09:10:40
YouBike2.0_捷運信義安和站(4號出口),1,9,2022-02-18 09:02:12
YouBike2.0_成功國宅,1,11,2022-02-18 09:06:12
YouBike2.0_仁愛延吉街口,8,1,2022-02-18 09:19:12
YouBike2.0_捷運信義安和站(1號出口),0,15,2022-02-18 08:37:03
YouBike2.0_敦化南路二段103巷口,5,7,2022-02-18 09:19:12
YouBike2.0_復興南路二段128巷口,1,11,2022-02-18 08:11:12
YouBike2.0_和平東建國南路口,4,10,2022-02-18 09:14:11
YouBike2.0_復興南路一段126巷口,0,15,2022-02-18 08:15:33
YouBike2.0_捷運東門站(5號出口),1,27,2022-02-18 09:18:13
YouBike2.0_臺北科技大學(電機工程系),4,12,2022-02-18 09:13:12
YouBike2.0_忠孝東路三段217巷口,9,5,2022-02-18 08:55:38
YouBike2.0_新生南路三段94巷口,2,12,2022-02-18 09:10:40
YouBike2.0_延平國宅,6,24,2022-02-18 09:06:12
YouBike2.0_臺北市立圖書館大同分館,12,8,2022-02-18 08:58:11
YouBike2.0_合昌宮,10,3,2022-02-18 08:45:26
YouBike2.0_民族延平路口,6,7,2022-02-18 09:19:12
YouBike2.0_重慶酒泉街口,5,9,2022-02-18 09:19:12
YouBike2.0_樹德公園,5,9,2022-02-18 09:06:12
YouBike2.0_陳天來故居,3,15,2022-02-18 09:16:09
YouBike2.0_臺北孔廟,1,19,2022-02-18 08:48:11
YouBike2.0_捷運圓山站(1號出口),1,43,2022-02-18 09:19:12
YouBike2.0_酒泉延平路口,5,10,2022-02-18 09:09:03
YouBike2.0_重慶國中,11,14,2022-02-18 08:59:11
YouBike2.0_重慶北路三段383巷口,0,15,2022-02-18 08:14:03
YouBike2.0_台北數位產業園區,15,9,2022-02-18 09:18:13
YouBike2.0_民權延平路口(西北側),18,2,2022-02-18 08:33:12
YouBike2.0_民權迪化街口,9,14,2022-02-18 09:06:12
YouBike2.0_大稻埕公園,2,10,2022-02-18 09:13:12
YouBike2.0_大龍老人住宅,9,5,2022-02-18 09:09:11
YouBike2.0_大龍峒社會住宅,5,15,2022-02-18 09:16:09
YouBike2.0_捷運大橋頭站(2號出口),11,10,2022-02-18 09:18:13
YouBike2.0_捷運大橋頭站(1A出口),5,13,2022-02-18 08:51:12
YouBike2.0_捷運民權西路站(2號出口),3,22,2022-02-18 09:09:11
YouBike2.0_捷運雙連站(2號出口),1,19,2022-02-18 09:18:04
YouBike2.0_捷運北門站(3號出口),9,13,2022-02-18 09:18:13
YouBike2.0_朝陽公園,7,3,2022-02-18 09:16:09
YouBike2.0_永樂市場,2,12,2022-02-18 09:21:04
YouBike2.0_大龍公園,1,17,2022-02-18 09:12:12
YouBike2.0_重慶涼州街口,7,6,2022-02-18 08:44:11
YouBike2.0_圓環站,3,10,2022-02-18 09:07:12
YouBike2.0_重慶民族路口,7,6,2022-02-18 09:16:09
YouBike2.0_承德路三段8巷口,5,5,2022-02-18 09:07:12
YouBike2.0_太原廣場,6,25,2022-02-18 09:12:12
YouBike2.0_國順公園,14,6,2022-02-18 07:57:12
YouBike2.0_聯合醫院中興院區,7,6,2022-02-18 09:02:12
YouBike2.0_蔣渭水紀念公園,11,3,2022-02-18 09:16:09
YouBike2.0_迪化休閒運動公園,10,2,2022-02-18 07:26:11
YouBike2.0_重慶保安街口(家樂福重慶店),9,11,2022-02-18 09:19:12
YouBike2.0_歸綏戲曲公園,6,13,2022-02-18 08:51:12
YouBike2.0_民權國中(民權西路),2,15,2022-02-18 08:59:12
YouBike2.0_承德民權路口,5,12,2022-02-18 08:41:11
YouBike2.0_承德民生西路口,4,7,2022-02-18 08:56:11
YouBike2.0_太原五原路口,2,10,2022-02-18 08:46:12
YouBike2.0_臺北轉運站(華陰街),15,5,2022-02-18 09:08:11
YouBike2.0_劍潭抽水站,4,9,2022-02-18 09:00:41
YouBike2.0_通河東街大南路口,6,9,2022-02-18 09:09:11
YouBike2.0_福港街停車場,15,7,2022-02-18 09:14:11
YouBike2.0_百齡國小,16,5,2022-02-18 09:19:12
YouBike2.0_雨聲街165巷口,6,9,2022-02-18 09:10:40
YouBike2.0_天和公園,10,1,2022-02-18 08:49:12
YouBike2.0_中山天母路口,0,11,2022-02-18 08:37:03
YouBike2.0_天母運動公園,4,11,2022-02-18 09:10:40
YouBike2.0_臺北市立大學(天母校區),5,11,2022-02-18 09:16:03
YouBike2.0_忠誠路二段53巷,6,12,2022-02-18 09:18:13
YouBike2.0_天母國中,8,10,2022-02-17 21:15:36
YouBike2.0_天母棒球場,12,14,2022-02-18 08:55:30
YouBike2.0_天母北天玉街口,5,10,2022-02-18 08:48:12
YouBike2.0_蘭興公園,6,10,2022-02-18 09:19:12
YouBike2.0_明勝公園,3,9,2022-02-18 09:05:30
YouBike2.0_劍潭海外青年活動中心,12,11,2022-02-18 09:09:11
YouBike2.0_忠誠路一段173巷口,4,6,2022-02-18 09:07:12
YouBike2.0_雨農國小,12,9,2022-02-18 09:18:13
YouBike2.0_忠誠公園,5,8,2022-02-18 08:38:12
YouBike2.0_芝山抽水站,9,2,2022-02-18 09:14:11
YouBike2.0_至誠路一段305巷口,6,15,2022-02-18 08:30:45
YouBike2.0_華齡公園,5,5,2022-02-18 09:18:13
YouBike2.0_前港公園(福德宮),13,5,2022-02-18 09:19:12
YouBike2.0_華齡街185巷口,5,7,2022-02-18 09:09:11
YouBike2.0_前港公園(前港街),10,9,2022-02-18 09:05:30
YouBike2.0_百齡高中,11,4,2022-02-18 09:16:09
YouBike2.0_捷運芝山站(2號出口),4,17,2022-02-18 09:19:12
YouBike2.0_臺灣戲曲中心,8,6,2022-02-18 09:11:12
YouBike2.0_捷運劍潭站(2號出口),11,30,2022-02-18 09:18:13
YouBike2.0_劍潭基河路口,5,15,2022-02-18 09:18:13
YouBike2.0_志成公園,3,12,2022-02-18 09:19:12
YouBike2.0_福林國小,9,5,2022-02-18 09:02:12
YouBike2.0_中山中正路口,11,2,2022-02-18 09:18:13
YouBike2.0_士林運動中心,5,9,2022-02-18 09:13:12
YouBike2.0_陽明高中,7,8,2022-02-18 08:18:14
YouBike2.0_兒童新樂園,8,15,2022-02-18 09:18:13
YouBike2.0_臺北市立天文館,13,8,2022-02-18 09:19:12
YouBike2.0_華聲公園,6,7,2022-02-18 08:30:46
YouBike2.0_福林公園,13,4,2022-02-18 09:08:11
YouBike2.0_捷運士林站(2號出口),20,10,2022-02-18 09:18:13
YouBike2.0_銘傳大學,2,13,2022-02-18 08:53:13
YouBike2.0_士林高商,10,16,2022-02-18 09:13:12
YouBike2.0_蘭雅公園,0,10,2022-02-18 09:18:04
YouBike2.0_聯合醫院陽明院區,9,6,2022-02-18 09:04:11
YouBike2.0_捷運芝山站(1號出口),16,20,2022-02-18 09:16:09
YouBike2.0_至誠公園,5,10,2022-02-18 08:18:14
YouBike2.0_原住民文化主題公園,6,15,2022-02-18 08:33:12
YouBike2.0_通河東街2段10巷口,5,10,2022-02-18 09:16:09
YouBike2.0_梅林新村,6,9,2022-02-18 05:42:11
YouBike2.0_延平北中正路口,11,19,2022-02-18 09:12:12
YouBike2.0_重慶北路四段190巷口,6,7,2022-02-18 08:50:33
YouBike2.0_重慶北葫東街口,6,9,2022-02-18 09:08:11
YouBike2.0_葫蘆國小,7,13,2022-02-18 09:19:12
YouBike2.0_士林3號廣場,16,14,2022-02-18 09:01:11
YouBike2.0_社正公園,3,12,2022-02-18 08:57:12
YouBike2.0_社子國小,5,9,2022-02-18 08:26:14
YouBike2.0_社中街384巷口,5,13,2022-02-18 04:50:30
YouBike2.0_忠誠路一段138號,5,10,2022-02-18 08:57:12
YouBike2.0_社子公園,6,8,2022-02-18 08:26:14
YouBike2.0_國立故宮博物院,7,10,2022-02-18 08:35:26
YouBike2.0_泰北高中,9,8,2022-02-18 08:55:38
YouBike2.0_後港公園,5,10,2022-02-18 09:05:30
YouBike2.0_重慶北路四段117號,11,7,2022-02-18 09:06:12
YouBike2.0_社子島島頭公園,8,7,2022-02-18 09:16:09
YouBike2.0_延平北路八段133巷口,4,11,2022-02-18 06:05:25
YouBike2.0_坤天亭,5,9,2022-02-18 00:59:11
YouBike2.0_社子島濕地解說小築,5,10,2022-02-18 06:17:55
YouBike2.0_福安國中,4,7,2022-02-18 08:43:12
YouBike2.0_福安消防分隊,4,11,2022-02-18 06:15:25
YouBike2.0_聖山綠地,9,4,2022-02-18 09:18:13
YouBike2.0_芝山國小,6,8,2022-02-18 09:21:04
YouBike2.0_士林新天地,11,3,2022-02-18 09:02:12
YouBike2.0_蘭雅國小,7,4,2022-02-18 09:00:41
YouBike2.0_中正基河路口,14,6,2022-02-18 09:00:41
YouBike2.0_福林公園(中正路),2,8,2022-02-18 08:52:12
YouBike2.0_至善臨溪路口,10,6,2022-02-18 08:52:12
YouBike2.0_市立圖書館葫蘆堵分館,7,3,2022-02-18 08:06:12
YouBike2.0_永平社會住宅,5,10,2022-02-17 21:55:41
YouBike2.0_雨農橋,2,14,2022-02-18 09:12:12
YouBike2.0_芝山聖佑宮,6,9,2022-02-18 05:31:11
YouBike2.0_捷運線型公園(後街),1,12,2022-02-18 09:04:11
YouBike2.0_台北花木批發市場,6,9,2022-02-18 08:57:12
YouBike2.0_捷運萬隆站(4號出口),9,12,2022-02-18 09:19:12
YouBike2.0_捷運萬隆站(1號出口),11,3,2022-02-18 09:13:12
YouBike2.0_萬和二號公園,12,6,2022-02-18 09:13:12
YouBike2.0_捷運萬隆站(2號出口),10,2,2022-02-18 09:14:11
YouBike2.0_景仁公園,10,6,2022-02-18 08:57:12
YouBike2.0_捷運景美站(2號出口),13,18,2022-02-18 09:07:12
YouBike2.0_羅斯福景隆街口,7,13,2022-02-18 08:43:12
YouBike2.0_景福街/羅斯福路6段142巷口,8,20,2022-02-18 09:19:12
YouBike2.0_興旺公園,14,16,2022-02-18 08:51:12
YouBike2.0_興福國中,6,19,2022-02-18 09:16:09
YouBike2.0_興隆路2段203巷,10,8,2022-02-18 07:45:21
YouBike2.0_景美運動公園,6,5,2022-02-18 09:12:12
YouBike2.0_景美醫院,2,16,2022-02-18 09:18:13
YouBike2.0_師範大學公館校區,6,8,2022-02-18 09:16:09
YouBike2.0_景華街128巷口,4,10,2022-02-18 09:18:13
YouBike2.0_仙跡岩登山口(景興路),7,15,2022-02-18 08:09:11
YouBike2.0_國立政治大學,2,33,2022-02-18 09:12:12
YouBike2.0_捷運動物園站,5,13,2022-02-18 07:37:12
YouBike2.0_捷運木柵站,5,14,2022-02-18 08:40:32
YouBike2.0_捷運萬芳社區站,5,11,2022-02-18 07:45:31
YouBike2.0_文山運動中心,6,7,2022-02-18 07:19:11
YouBike2.0_捷運辛亥站,7,6,2022-02-18 09:09:11
YouBike2.0_興豐公園,10,6,2022-02-18 08:52:28
YouBike2.0_木柵光輝路口,4,5,2022-02-18 08:04:12
YouBike2.0_考試院,10,4,2022-02-18 08:18:14
YouBike2.0_和興路26巷口,5,10,2022-02-18 08:29:13
YouBike2.0_世新大學,6,9,2022-02-18 07:41:13
YouBike2.0_一壽橋,5,7,2022-02-18 08:56:11
YouBike2.0_臺北市立景美女中,9,4,2022-02-18 08:59:12
YouBike2.0_永安藝文館-表演36房,9,6,2022-02-18 09:09:11
YouBike2.0_忠順區民活動中心,6,4,2022-02-18 09:18:13
YouBike2.0_景文中學,4,16,2022-02-18 06:37:11
YouBike2.0_老泉街籃球場,3,11,2022-02-18 07:25:27
YouBike2.0_文山行政中心,4,6,2022-02-17 20:32:12
YouBike2.0_木柵公園,4,11,2022-02-18 08:43:12
YouBike2.0_興隆公共住宅D2區,8,11,2022-02-18 01:05:44
YouBike2.0_木新路3段95巷口,6,10,2022-02-18 08:52:12
YouBike2.0_樟腳里公園,4,11,2022-02-18 00:18:12
YouBike2.0_實踐國中,8,12,2022-02-18 08:08:12
YouBike2.0_指南路3段2巷,8,5,2022-02-18 07:48:12
YouBike2.0_萊茵公園,9,5,2022-02-17 23:10:41
YouBike2.0_木柵社會住宅,4,8,2022-02-18 08:50:33
YouBike2.0_秀明路一段185巷口,6,14,2022-02-17 20:04:13
YouBike2.0_秀明路一段129巷口,3,19,2022-02-18 07:32:12
YouBike2.0_恆光橋(老泉街),4,9,2022-02-18 09:06:12
YouBike2.0_萬有3號公園,5,9,2022-02-18 09:05:30
YouBike2.0_捷運萬芳醫院站(興隆路三段115巷),11,9,2022-02-18 08:27:13
YouBike2.0_興得閱覽室,15,9,2022-02-18 06:49:12
YouBike2.0_辛亥生態公園,11,7,2022-02-18 08:32:12
YouBike2.0_博嘉運動公園,6,6,2022-02-17 16:18:13
YouBike2.0_國立政治大學(萬壽路),1,55,2022-02-18 07:45:31
YouBike2.0_政大一街口,6,8,2022-02-18 03:00:28
YouBike2.0_臺北自來水事業處,2,18,2022-02-18 09:14:11
YouBike2.0_汀州思源街口東南側,0,20,2022-02-18 09:08:03
YouBike2.0_捷運公館站(1號出口),0,11,2022-02-18 08:55:30
YouBike2.0_捷運公館站(4號出口),0,12,2022-02-18 09:00:32
YouBike2.0_捷運古亭站(9號出口),4,16,2022-02-18 09:18:13
YouBike2.0_捷運古亭站(2號出口),2,10,2022-02-18 09:14:11
YouBike2.0_捷運臺電大樓站(1號出口),0,34,2022-02-18 08:59:04
YouBike2.0_客家文化主題公園,1,14,2022-02-18 08:28:13
YouBike2.0_河堤國小,7,8,2022-02-18 09:10:40
YouBike2.0_紀州庵,4,11,2022-02-18 09:18:13
YouBike2.0_捷運臺電大樓站(5號出口),1,16,2022-02-18 09:03:12
YouBike2.0_捷運臺電大樓站(4號出口),0,13,2022-02-18 09:07:04
YouBike2.0_羅斯福三段金門街口,0,15,2022-02-18 08:58:03
YouBike2.0_牯嶺公園,5,7,2022-02-18 09:14:11
YouBike2.0_捷運古亭站(8號出口),12,3,2022-02-18 09:18:13
YouBike2.0_捷運古亭站(7號出口),3,9,2022-02-18 09:16:09
YouBike2.0_南昌公園,14,7,2022-02-18 09:16:09
YouBike2.0_和平重慶路口,3,22,2022-02-18 09:12:12
YouBike2.0_孫立人將軍官邸,5,18,2022-02-18 09:14:11
YouBike2.0_羅斯福路二段6巷口,0,14,2022-02-18 07:58:03
YouBike2.0_金華杭州南路口,2,19,2022-02-18 09:16:09
YouBike2.0_捷運中正紀念堂站(3號出口),1,17,2022-02-18 08:55:30
YouBike2.0_捷運中正紀念堂站(4號出口),10,11,2022-02-18 09:10:40
YouBike2.0_重慶南海路口西南側,11,5,2022-02-18 09:14:28
YouBike2.0_螢橋國小,10,12,2022-02-18 09:08:11
YouBike2.0_古亭智慧圖書館,4,10,2022-02-18 07:48:12
YouBike2.0_永昌公園,10,3,2022-02-18 08:23:13
YouBike2.0_中華路二段409巷口,3,12,2022-02-18 09:06:12
YouBike2.0_南機場夜市(中華路二段),15,26,2022-02-18 08:59:12
YouBike2.0_南海和平路口西南側,6,13,2022-02-18 09:07:12
YouBike2.0_莒光和平路口,5,15,2022-02-18 09:02:28
YouBike2.0_水源路11-1號旁,3,16,2022-02-18 09:00:41
YouBike2.0_南門國中,13,8,2022-02-18 09:07:12
YouBike2.0_捷運小南門站(2號出口),14,4,2022-02-18 09:12:12
YouBike2.0_介壽公園,17,6,2022-02-18 09:18:13
YouBike2.0_中華貴陽街口,2,18,2022-02-18 09:00:41
YouBike2.0_華山文創園區,12,27,2022-02-18 09:11:12
YouBike2.0_捷運善導寺站(1號出口),5,12,2022-02-18 09:12:12
YouBike2.0_濟南紹興路口,12,8,2022-02-18 09:00:41
YouBike2.0_林森仁愛路口,6,7,2022-02-18 09:07:12
YouBike2.0_中正運動中心,2,16,2022-02-18 09:13:12
YouBike2.0_信義杭州路口,14,4,2022-02-18 09:18:13
YouBike2.0_捷運善導寺站(3號出口),1,19,2022-02-18 09:12:04
YouBike2.0_捷運小南門站(1號出口),2,44,2022-02-18 08:35:27
YouBike2.0_延平南路133巷口,0,17,2022-02-18 09:09:03
YouBike2.0_捷運西門站(2號出口),5,19,2022-02-18 09:18:13
YouBike2.0_寶慶博愛路口,12,7,2022-02-18 08:55:38
YouBike2.0_法務部,11,16,2022-02-18 08:45:27
YouBike2.0_臺北市立大學(博愛校區),5,44,2022-02-18 09:11:12
YouBike2.0_國家圖書館,11,5,2022-02-18 08:36:12
YouBike2.0_市民金山路口,2,16,2022-02-18 09:04:11
YouBike2.0_聯合醫院和平院區,7,11,2022-02-18 09:05:30
YouBike2.0_中山堂,4,9,2022-02-18 08:45:27
YouBike2.0_中華漢口街口,3,16,2022-02-18 09:00:41
YouBike2.0_中華路一段21巷口,1,21,2022-02-18 08:50:33
YouBike2.0_捷運臺大醫院站(4號出口),13,10,2022-02-18 09:18:13
YouBike2.0_寶藏巖觀音亭,12,11,2022-02-18 08:05:26
YouBike2.0_師大水源路口,0,11,2022-02-18 07:10:29
YouBike2.0_中山徐州路口,8,8,2022-02-18 09:09:11
YouBike2.0_信義連雲街口,0,18,2022-02-18 09:05:22
YouBike2.0_臺北轉運站,12,12,2022-02-18 09:13:12
YouBike2.0_莒光大埔街口,1,13,2022-02-18 08:36:12
YouBike2.0_捷運忠孝新生站(2號出口),6,14,2022-02-18 09:18:13
YouBike2.0_光華商場,11,10,2022-02-18 09:07:12
YouBike2.0_中山青島路口,6,10,2022-02-18 09:16:09
YouBike2.0_捷運中正紀念堂站(5號出口),4,24,2022-02-18 08:47:12
YouBike2.0_王貫英先生紀念圖書館,8,7,2022-02-18 08:47:12
YouBike2.0_金山信義路口,4,6,2022-02-18 09:08:11
YouBike2.0_林森徐州路口,10,6,2022-02-18 09:08:11
YouBike2.0_徐州杭州路口,2,17,2022-02-18 08:45:27
YouBike2.0_通北街65巷口,3,13,2022-02-18 09:19:12
YouBike2.0_圓山風景區,8,7,2022-02-18 08:47:12
YouBike2.0_樂群二堤頂大道口,10,10,2022-02-18 09:19:12
YouBike2.0_劍潭社區,6,7,2022-02-18 09:05:30
YouBike2.0_培英公園,11,3,2022-02-18 08:59:12
YouBike2.0_樂群二明水路口,8,12,2022-02-18 09:19:12
YouBike2.0_北安大直街口,8,7,2022-02-18 08:29:13
YouBike2.0_捷運劍南路站(2號出口),22,16,2022-02-18 09:18:13
YouBike2.0_樂群二敬業三路口,10,9,2022-02-18 09:14:11
YouBike2.0_樂群二敬業四路口,6,12,2022-02-18 09:18:13
YouBike2.0_捷運大直站(3號出口),12,22,2022-02-18 09:00:41
YouBike2.0_復興市民路口,14,4,2022-02-18 09:13:12
YouBike2.0_南京遼寧街口,5,10,2022-02-18 09:19:12
YouBike2.0_伊通長安路口,8,7,2022-02-18 08:59:12
YouBike2.0_新生長安路口,7,8,2022-02-18 09:14:03
YouBike2.0_市民林森路口,9,11,2022-02-18 09:19:12
YouBike2.0_南京新生路口,6,6,2022-02-18 09:16:09
YouBike2.0_一江公園,11,5,2022-02-18 08:54:12
YouBike2.0_松江公園,5,10,2022-02-18 08:28:13
YouBike2.0_新生長春路口,1,14,2022-02-18 08:38:12
YouBike2.0_第二果菜批發市場,2,14,2022-02-18 09:19:12
YouBike2.0_民生建國路口,10,7,2022-02-18 09:14:11
YouBike2.0_興安華城,5,25,2022-02-18 08:59:12
YouBike2.0_捷運中山國中站,16,0,2022-02-18 09:21:04
YouBike2.0_龍江錦州街口,0,16,2022-02-18 09:02:04
YouBike2.0_建國長春路口,6,10,2022-02-18 08:55:38
YouBike2.0_南京建國路口,7,21,2022-02-18 09:10:40
YouBike2.0_捷運松江南京站(7號出口),0,38,2022-02-18 09:12:04
YouBike2.0_朱崙商場,5,10,2022-02-18 09:19:12
YouBike2.0_中吉公園,2,13,2022-02-18 08:37:11
YouBike2.0_華山公園,7,12,2022-02-18 09:12:12
YouBike2.0_建國北路一段17巷,6,39,2022-02-18 09:10:41
YouBike2.0_江寧公園,11,4,2022-02-18 09:16:09
YouBike2.0_民權龍江路口,2,12,2022-02-18 08:57:12
YouBike2.0_捷運中山國小站(2號出口),9,50,2022-02-18 09:09:11
YouBike2.0_捷運行天宮站(3號出口),0,24,2022-02-18 09:16:03
YouBike2.0_林森農安街口,3,9,2022-02-18 09:18:13
YouBike2.0_捷運中山國小站(4號出口),5,14,2022-02-18 09:12:12
YouBike2.0_農安雙城街口,10,3,2022-02-18 09:03:12
YouBike2.0_新生德惠街口,8,7,2022-02-18 09:19:12
YouBike2.0_民族林森路口,7,8,2022-02-18 09:11:12
YouBike2.0_臺北市立美術館,2,22,2022-02-18 09:06:12
YouBike2.0_中山民族路口,9,7,2022-02-18 09:05:31
YouBike2.0_新生高架停車場(林森北路107巷口),7,7,2022-02-18 09:09:03
YouBike2.0_南京林森路口(東南側),6,4,2022-02-18 09:19:12
YouBike2.0_仁德公園,6,12,2022-02-18 08:46:12
YouBike2.0_中原公園,5,10,2022-02-18 09:19:12
YouBike2.0_下埤公園,4,7,2022-02-18 09:12:12
YouBike2.0_五常國中,7,7,2022-02-18 09:18:13
YouBike2.0_榮星花園,11,4,2022-02-18 09:14:12
YouBike2.0_民權建國路口,5,9,2022-02-18 09:18:13
YouBike2.0_松江路431巷口,7,8,2022-02-18 09:18:13
YouBike2.0_新喜公園,4,7,2022-02-18 08:53:13
YouBike2.0_吉林路407巷口,13,2,2022-02-18 09:18:13
YouBike2.0_民族松江路口,11,6,2022-02-18 09:02:12
YouBike2.0_林安泰古厝,7,3,2022-02-18 09:16:09
YouBike2.0_中山公民會館,6,14,2022-02-18 09:13:12
YouBike2.0_渭水八德路口,7,16,2022-02-18 08:36:12
YouBike2.0_捷運中山站(2號出口),2,12,2022-02-18 09:18:13
YouBike2.0_撫順公園,3,7,2022-02-18 09:18:13
YouBike2.0_新生公園,3,5,2022-02-18 08:44:03
YouBike2.0_捷運行天宮站(1號出口),2,24,2022-02-18 09:18:13
YouBike2.0_林森長春路口,8,2,2022-02-18 09:18:13
YouBike2.0_建國農安街口,22,8,2022-02-18 08:50:33
YouBike2.0_松江路77巷口,7,3,2022-02-18 09:16:09
YouBike2.0_建國長安路口,7,8,2022-02-18 09:14:12
YouBike2.0_市民新生路口,6,9,2022-02-18 09:12:12
YouBike2.0_民權吉林路口,8,7,2022-02-18 09:16:09
YouBike2.0_中山農安街口,17,0,2022-02-18 09:12:04
YouBike2.0_捷運行政大樓,7,7,2022-02-18 09:14:12
YouBike2.0_中吉公園(松江路188巷),12,8,2022-02-18 09:14:12
YouBike2.0_吉林路123巷口,7,6,2022-02-18 08:40:23
YouBike2.0_國立臺北大學(臺北校區),2,12,2022-02-18 09:19:12
YouBike2.0_錦州吉林路口,7,3,2022-02-18 09:02:12
YouBike2.0_中山北路二段59巷口,4,8,2022-02-18 09:19:12
YouBike2.0_永盛公園(民生東路一段23巷),1,11,2022-02-18 08:52:04
YouBike2.0_新生錦州街口,2,18,2022-02-18 08:29:13
YouBike2.0_濱江街199巷口,3,12,2022-02-18 06:28:11
YouBike2.0_濱江果菜市場,15,7,2022-02-18 07:59:12
YouBike2.0_興安合江路口,6,13,2022-02-18 08:59:12
YouBike2.0_台泥大樓,8,10,2022-02-18 08:49:12
YouBike2.0_新興公園,0,10,2022-02-18 08:27:04
YouBike2.0_南京伊通街口,2,9,2022-02-18 09:18:13
YouBike2.0_南京龍江路口,7,8,2022-02-18 09:16:09
YouBike2.0_撫順街41巷(崇德宮前),2,17,2022-02-18 09:16:09
YouBike2.0_捷運大直站(1號出口),13,17,2022-02-18 09:12:12
YouBike2.0_捷運松江南京站(4號出口),10,22,2022-02-18 09:16:09
YouBike2.0_文湖街21巷118弄口,7,7,2022-02-18 08:37:11
YouBike2.0_北勢湖環保公園,3,12,2022-02-18 08:28:13
YouBike2.0_洲子一號公園,7,36,2022-02-18 09:05:31
YouBike2.0_西康公園,6,10,2022-02-18 09:05:31
YouBike2.0_文湖國小,4,11,2022-02-18 09:14:12
YouBike2.0_文湖街81巷10號西側,7,7,2022-02-18 09:14:12
YouBike2.0_德明財經科技大學,9,10,2022-02-18 09:10:41
YouBike2.0_麗山國小,4,11,2022-02-18 08:59:12
YouBike2.0_麗山高中,9,6,2022-02-18 08:53:13
YouBike2.0_港華五號公園,6,10,2022-02-18 08:40:32
YouBike2.0_大湖國小,19,6,2022-02-18 09:02:13
YouBike2.0_安湖三號公園,6,6,2022-02-18 08:53:13
YouBike2.0_東湖路113巷95弄,5,5,2022-02-18 08:50:33
YouBike2.0_瑞光計程車服務站,10,10,2022-02-18 09:00:42
YouBike2.0_文德三號公園(江南街71巷16弄),11,4,2022-02-18 09:10:41
YouBike2.0_捷運大湖公園站(2號出口),4,18,2022-02-18 09:06:12
YouBike2.0_康寧星雲街口,0,12,2022-02-18 07:50:25
YouBike2.0_星雲街47號,8,7,2022-02-18 08:18:15
YouBike2.0_捷運西湖站(1號出口),10,25,2022-02-18 09:06:12
YouBike2.0_捷運西湖站(2號出口),0,12,2022-02-18 08:44:03
YouBike2.0_洲子二號公園,18,20,2022-02-18 09:11:12
YouBike2.0_港都公園,0,15,2022-02-18 08:48:04
YouBike2.0_環山路二段26巷口,17,12,2022-02-18 09:00:42
YouBike2.0_成功金龍路口,12,5,2022-02-18 09:16:09
YouBike2.0_碧山公園,3,12,2022-02-18 09:08:11
YouBike2.0_金瑞公園,8,7,2022-02-18 09:12:12
YouBike2.0_捷運文德站(2號出口),0,17,2022-02-18 09:07:04
YouBike2.0_陽光公園,7,9,2022-02-18 08:45:27
YouBike2.0_文德二號公園(南側),7,6,2022-02-18 09:14:12
YouBike2.0_文德二號公園(北側),0,15,2022-02-18 08:53:04
YouBike2.0_瑞陽公園,1,11,2022-02-18 09:18:04
YouBike2.0_湖光國宅,0,14,2022-02-18 08:45:19
YouBike2.0_潭美街213號,7,5,2022-02-18 07:43:12
YouBike2.0_南京東路六段180號,14,7,2022-02-18 08:38:12
YouBike2.0_潭美國小(南京舊宗路口),4,12,2022-02-18 07:24:11
YouBike2.0_新明路343號,8,4,2022-02-18 09:04:11
YouBike2.0_週美里活動廣場,3,9,2022-02-18 08:47:12
YouBike2.0_內湖行政中心,4,21,2022-02-18 08:53:13
YouBike2.0_樂康公園,18,2,2022-02-18 07:21:13
YouBike2.0_安康路32巷24弄,9,12,2022-02-18 08:28:13
YouBike2.0_明美公園,7,5,2022-02-18 09:18:13
YouBike2.0_南京東路六段368巷,11,4,2022-02-18 08:55:38
YouBike2.0_新明成功路口,3,15,2022-02-18 08:57:12
YouBike2.0_民權瑞光路口,8,11,2022-02-18 09:11:12
YouBike2.0_瑞光公共住宅(瑞光路),1,17,2022-02-18 09:18:04
YouBike2.0_民權東路六段15巷,5,12,2022-02-18 09:11:12
YouBike2.0_扶輪親恩公園,6,11,2022-02-18 08:51:13
YouBike2.0_新湖三民善街口,3,12,2022-02-18 04:34:28
YouBike2.0_內湖119號綠地,16,8,2022-02-18 09:18:13
YouBike2.0_行善公園,5,10,2022-02-18 08:37:11
YouBike2.0_三軍總醫院,5,9,2022-02-18 09:02:13
YouBike2.0_福華商場,8,12,2022-02-18 09:12:12
YouBike2.0_臺北市網球中心,8,8,2022-02-18 09:07:12
YouBike2.0_捷運葫洲站(1號出口),8,7,2022-02-18 08:59:12
YouBike2.0_麗湖國小,5,7,2022-02-18 08:01:12
YouBike2.0_金湖路347巷125弄口,11,4,2022-02-18 08:49:12
YouBike2.0_碧湖公園,5,10,2022-02-18 08:42:12
YouBike2.0_碧湖公園(內湖路二段103巷),8,11,2022-02-18 09:04:11
YouBike2.0_貿七社區,7,10,2022-02-18 08:53:13
YouBike2.0_內湖區農會,0,12,2022-02-18 09:18:04
YouBike2.0_捷運內湖站(2號出口),4,6,2022-02-18 09:02:13
YouBike2.0_康寧金湖路口,7,7,2022-02-18 07:07:12
YouBike2.0_康寧路一段156巷20弄口,6,11,2022-02-18 08:45:27
YouBike2.0_安康公園,8,11,2022-02-18 09:18:13
YouBike2.0_安泰街83巷,5,6,2022-02-18 09:12:12
YouBike2.0_內溝溪生態展示館,3,5,2022-02-17 17:51:01
YouBike2.0_捷運港墘站(2號出口),10,5,2022-02-18 09:18:13
YouBike2.0_東湖國中,3,13,2022-02-18 07:54:11
YouBike2.0_石潭公園(安康路),8,12,2022-02-18 07:59:12
YouBike2.0_內湖垃圾焚化廠,7,13,2022-02-17 19:14:14
YouBike2.0_康寧公園(北側),9,11,2022-02-18 08:00:45
YouBike2.0_康寧路三段54巷口,4,11,2022-02-17 23:07:11
YouBike2.0_行善路25巷口,8,6,2022-02-18 08:58:11
YouBike2.0_新明路460巷口,8,7,2022-02-18 07:50:34
YouBike2.0_下灣公園,5,5,2022-02-18 08:12:12
YouBike2.0_民權東路六段245巷口,6,6,2022-02-17 22:13:12
YouBike2.0_星雲金湖街口,2,12,2022-02-18 08:29:13
YouBike2.0_東湖國小,5,5,2022-02-18 07:39:13
YouBike2.0_捷運內湖站(1號出口),2,8,2022-02-18 09:18:13
YouBike2.0_瑞光港墘路口,6,6,2022-02-18 09:18:13
YouBike2.0_瑞湖陽光街口,2,9,2022-02-18 09:19:04
YouBike2.0_金龍公園,3,12,2022-02-18 08:05:26
YouBike2.0_星雲街138巷1弄口,7,8,2022-02-18 07:00:39
YouBike2.0_東湖一號公園,7,3,2022-02-18 07:08:11
YouBike2.0_東湖二號公園,14,1,2022-02-18 08:02:04
YouBike2.0_康湖二號公園(康寧醫院),9,7,2022-02-18 04:40:31
YouBike2.0_堤頂大道新湖一路口,4,9,2022-02-18 08:55:38
YouBike2.0_下灣公園(成功路),2,14,2022-02-18 08:49:12
YouBike2.0_舊宗行善路口,7,2,2022-02-18 09:10:41
YouBike2.0_新湖二路250巷口,11,9,2022-02-18 09:19:12
YouBike2.0_成功路四段41巷口,4,8,2022-02-17 22:45:41
YouBike2.0_金湖星雲街口,18,12,2022-02-18 08:05:26
YouBike2.0_國防醫學院,3,12,2022-02-18 08:54:12
YouBike2.0_民權東路六段190巷117弄口,2,13,2022-02-18 09:09:11
YouBike2.0_內湖運動中心,7,14,2022-02-18 08:53:13
YouBike2.0_九華公園,0,16,2022-02-18 09:18:04
YouBike2.0_內湖路二段179巷口,9,7,2022-02-17 21:09:11
YouBike2.0_行善行愛路口,6,6,2022-02-18 08:50:34
YouBike2.0_民善新湖二路口(家樂福內湖店),1,22,2022-02-17 22:55:39
YouBike2.0_統振大樓,12,13,2022-02-18 08:55:38
YouBike2.0_陽光街161巷口,3,13,2022-02-18 07:23:12
YouBike2.0_承德路七段304巷口,11,9,2022-02-18 08:48:12
YouBike2.0_洲美運動公園,10,10,2022-02-18 08:45:27
YouBike2.0_榮華二明德路口,19,11,2022-02-18 09:16:09
YouBike2.0_捷運明德站(1號出口),9,12,2022-02-18 09:10:41
YouBike2.0_文林建民路口,1,11,2022-02-18 09:03:12
YouBike2.0_永欣綠地,5,5,2022-02-18 08:42:12
YouBike2.0_關渡宮,4,16,2022-02-18 09:06:28
YouBike2.0_關渡自然公園,1,11,2022-02-18 08:13:04
YouBike2.0_關渡醫院,11,3,2022-02-18 09:14:12
YouBike2.0_捷運忠義站(1號出口),6,11,2022-02-18 08:55:38
YouBike2.0_捷運關渡站(1號出口),1,23,2022-02-18 09:21:04
YouBike2.0_捷運關渡站(2號出口),2,12,2022-02-18 05:59:11
YouBike2.0_中央北路四段540巷口,4,7,2022-02-18 06:05:25
YouBike2.0_大度立德路口,4,14,2022-02-18 08:57:12
YouBike2.0_捷運復興崗站(1號出口),3,10,2022-02-18 09:19:12
YouBike2.0_捷運復興崗站旅客服務中心,6,9,2022-02-18 00:34:11
YouBike2.0_豐年公園,10,10,2022-02-18 09:00:42
YouBike2.0_稻香重三路口,7,8,2022-02-18 05:56:11
YouBike2.0_國防大學政治作戰學院,3,11,2022-02-18 03:06:11
YouBike2.0_秀山區民活動中心,5,5,2022-02-18 08:23:13
YouBike2.0_大業大同街口,8,12,2022-02-18 07:33:12
YouBike2.0_捷運新北投站,15,7,2022-02-18 09:14:12
YouBike2.0_捷運北投站,8,22,2022-02-18 09:18:13
YouBike2.0_捷運奇岩站(三合街),4,14,2022-02-18 09:19:12
YouBike2.0_八仙里辦公處,6,9,2022-02-18 08:55:38
YouBike2.0_清江國小,20,8,2022-02-18 09:16:09
YouBike2.0_大業路300巷口,12,8,2022-02-18 01:47:11
YouBike2.0_立農公園,10,10,2022-02-18 09:18:13
YouBike2.0_北投奇岩長青樂活大樓,6,9,2022-02-18 08:36:12
YouBike2.0_捷運唭哩岸站(2號出口),3,27,2022-02-18 09:19:12
YouBike2.0_北投運動中心,10,7,2022-02-18 09:18:04
YouBike2.0_陽明大學,1,14,2022-02-18 08:55:30
YouBike2.0_捷運石牌站(2號出口),2,17,2022-02-18 09:18:13
YouBike2.0_台北護理大學,4,7,2022-02-18 09:12:12
YouBike2.0_捷運石牌站(1號出口),3,17,2022-02-18 09:19:12
YouBike2.0_振興醫院,6,16,2022-02-18 09:00:42
YouBike2.0_石牌國小,12,14,2022-02-18 08:33:13
YouBike2.0_振興公園,4,9,2022-02-18 08:45:27
YouBike2.0_立農國小,6,13,2022-02-18 06:17:55
YouBike2.0_承德路七段280巷口,6,10,2022-02-18 08:52:12
YouBike2.0_石牌區民活動中心,9,6,2022-02-18 08:55:38
YouBike2.0_榮富公園,1,12,2022-02-18 08:42:04
YouBike2.0_中正高中,19,12,2022-02-18 08:21:15
YouBike2.0_立功立德路口,16,16,2022-02-18 09:05:31
YouBike2.0_中央北路四段30巷口,3,7,2022-02-18 09:14:12
YouBike2.0_陽明交大圖書館,11,26,2022-02-18 09:12:12
YouBike2.0_捷運新北投站(2號出口),6,5,2022-02-18 07:53:13
YouBike2.0_復興公園,1,13,2022-02-18 09:12:12
YouBike2.0_承德石牌路口,7,10,2022-02-18 06:48:12
YouBike2.0_承德路七段188巷口,4,12,2022-02-18 08:42:12
YouBike2.0_捷運明德站(3號出口),9,11,2022-02-18 09:05:31
YouBike2.0_大豐公園,13,11,2022-02-18 09:08:11
YouBike2.0_洲美公園,6,24,2022-02-18 08:16:14
YouBike2.0_中和街455巷11弄,2,11,2022-02-18 07:57:12
YouBike2.0_洲美蜆仔港公園,13,7,2022-02-18 09:18:13
YouBike2.0_文化三杏林一路口,11,6,2022-02-18 09:18:14
YouBike2.0_珠海復興一路口,7,8,2022-02-18 08:38:13
YouBike2.0_裕民二路33巷,11,4,2022-02-18 07:53:13
YouBike2.0_新奇岩社會住宅,4,7,2022-02-18 09:16:09
YouBike2.0_泉源公園,5,10,2022-02-18 08:38:13
YouBike2.0_臺北健康護理大學(教研大樓),11,4,2022-02-18 09:18:13
YouBike2.0_奇岩一號公園,2,22,2022-02-18 08:35:27
YouBike2.0_福星公園,9,9,2022-02-18 09:06:12
YouBike2.0_捷運松山站(4號出口),1,18,2022-02-18 09:18:13
YouBike2.0_塔悠八德路口,11,23,2022-02-18 08:57:12
YouBike2.0_鵬程公園,15,9,2022-02-18 08:56:12
YouBike2.0_中崙高中,6,17,2022-02-18 09:05:31
YouBike2.0_捷運南京三民站(2號出口),3,16,2022-02-18 09:19:12
YouBike2.0_捷運南京三民站(1號出口),7,4,2022-02-18 09:18:13
YouBike2.0_光復北路11巷口,14,9,2022-02-18 09:08:11
YouBike2.0_捷運南京三民站(4號出口),1,12,2022-02-18 09:19:12
YouBike2.0_西松高中,13,1,2022-02-18 08:50:34
YouBike2.0_民權復興路口,5,12,2022-02-18 09:14:12
YouBike2.0_民福三號綠地,4,11,2022-02-18 09:12:12
YouBike2.0_民有一號公園,5,5,2022-02-18 09:18:14
YouBike2.0_民生敦化路口,3,18,2022-02-18 09:19:12
YouBike2.0_松基公園,15,5,2022-02-18 09:18:14
YouBike2.0_三民路166巷口,9,6,2022-02-18 08:57:12
YouBike2.0_民生活動中心,4,8,2022-02-18 09:10:41
YouBike2.0_捷運小巨蛋站(2號出口),16,10,2022-02-18 09:18:14
YouBike2.0_臺北市藝文推廣處,19,26,2022-02-18 09:18:14
YouBike2.0_民生國小(敦化北路199巷),12,8,2022-02-18 09:19:12
YouBike2.0_敦北公園,6,8,2022-02-18 09:18:04
YouBike2.0_民權運動公園,7,8,2022-02-18 09:18:14
YouBike2.0_新東公園,8,9,2022-02-18 08:50:34
YouBike2.0_民生光復路口,5,10,2022-02-18 09:18:14
YouBike2.0_三民公園,6,6,2022-02-18 08:46:12
YouBike2.0_八德路三段74巷口,3,16,2022-02-18 09:11:12
YouBike2.0_八德路三段8巷口,4,11,2022-02-18 07:32:12
YouBike2.0_三軍總醫院(松山分院),5,15,2022-02-18 09:16:09
YouBike2.0_平安新城,10,6,2022-02-18 09:18:14
YouBike2.0_健康社會住宅,6,13,2022-02-18 09:16:09
YouBike2.0_民權光復路口(東北側),6,18,2022-02-18 09:12:12
YouBike2.0_市民東興路口,6,9,2022-02-18 09:12:12
YouBike2.0_光復南路22巷口,8,9,2022-02-18 09:01:12
YouBike2.0_光復南路58巷,2,10,2022-02-18 08:41:11
YouBike2.0_松山新城,0,14,2022-02-18 09:05:22
YouBike2.0_內政部營建署,1,9,2022-02-18 09:21:04
YouBike2.0_南京光復路口,7,6,2022-02-18 09:18:14
YouBike2.0_民生立體停車場,2,6,2022-02-18 09:05:31
YouBike2.0_健康新城,5,9,2022-02-18 09:18:14
YouBike2.0_健安新城,7,19,2022-02-18 09:12:12
YouBike2.0_復盛公園,5,5,2022-02-18 08:52:12
YouBike2.0_中崙福成宮,3,6,2022-02-18 08:59:12
YouBike2.0_捷運南京復興站(7號出口),1,14,2022-02-18 09:19:12
YouBike2.0_捷運南京復興站(5號出口),7,8,2022-02-18 09:14:12
YouBike2.0_塔悠疏散門,8,4,2022-02-18 08:25:32
YouBike2.0_臺北田徑場,9,10,2022-02-18 09:13:12
YouBike2.0_捷運小巨蛋站(5號出口),3,19,2022-02-18 09:19:12
YouBike2.0_敦化長春路口,6,5,2022-02-18 09:19:12
YouBike2.0_捷運松山站(2號出口),5,9,2022-02-18 08:40:33
YouBike2.0_南京東路五段59巷口,5,6,2022-02-18 09:18:14
YouBike2.0_西松公園,4,7,2022-02-18 08:21:44
YouBike2.0_南港公園(東新街),5,15,2022-02-18 08:35:27
YouBike2.0_南港公園(福德街),7,16,2022-02-18 08:54:12
YouBike2.0_捷運昆陽站(1號出口),16,14,2022-02-18 09:18:14
YouBike2.0_忠孝東路六段225巷口,10,8,2022-02-18 09:18:14
YouBike2.0_捷運後山埤站(1號出口),1,22,2022-02-18 09:18:14
YouBike2.0_合樂公園,9,6,2022-02-18 08:56:12
YouBike2.0_合心廣場,12,8,2022-02-18 09:03:13
YouBike2.0_成德國中,8,7,2022-02-18 08:39:12
YouBike2.0_玉成公園,9,7,2022-02-18 09:19:12
YouBike2.0_研究院舊莊街口,16,14,2022-02-18 09:18:14
YouBike2.0_中研院綜合體育館東側,19,11,2022-02-18 09:02:13
YouBike2.0_國家生技園區,17,3,2022-02-18 09:03:13
YouBike2.0_捷運南港展覽館站(5號出口),10,26,2022-02-18 09:16:09
YouBike2.0_中研公園,16,14,2022-02-18 08:19:13
YouBike2.0_福山公園,10,10,2022-02-18 08:16:14
YouBike2.0_舊莊區民活動中心,6,6,2022-02-18 07:08:12
YouBike2.0_凌雲市場,3,17,2022-02-18 08:49:12
YouBike2.0_市民大道八段532號,10,5,2022-02-18 09:07:12
YouBike2.0_捷運南港軟體園區(2號出口),9,11,2022-02-18 09:18:14
YouBike2.0_南港國小,14,6,2022-02-18 09:19:12
YouBike2.0_興中立體停車場(興中路),11,15,2022-02-18 09:13:12
YouBike2.0_臺北市立圖書館南港分館,18,22,2022-02-18 09:04:12
YouBike2.0_東陽公園,2,15,2022-02-18 09:18:14
YouBike2.0_向陽南港路口,8,9,2022-02-18 08:59:12
YouBike2.0_南港車站(忠孝東路七段415巷),6,5,2022-02-18 08:04:03
YouBike2.0_捷運南港站(2號出口),0,17,2022-02-18 09:18:04
YouBike2.0_捷運南港站(1號出口),10,10,2022-02-18 09:16:09
YouBike2.0_東新國小,5,7,2022-02-18 09:18:14
YouBike2.0_中華科技大學,8,12,2022-02-17 18:18:15
YouBike2.0_六福公園,11,8,2022-02-17 21:05:38
YouBike2.0_南港加壓站,15,9,2022-02-18 07:45:31
YouBike2.0_台北流行音樂中心(南港路),11,10,2022-02-18 09:14:12
YouBike2.0_興南公園,18,8,2022-02-18 09:09:12
YouBike2.0_台北流行音樂中心(市民大道),10,11,2022-02-18 08:53:13
YouBike2.0_南港車站(市民大道),17,13,2022-02-18 09:05:31
YouBike2.0_忠孝東路七段527巷口,6,9,2022-02-18 09:09:12
YouBike2.0_南港軟體園區(新民街),5,14,2022-02-18 09:03:13
YouBike2.0_世貿公園,2,17,2022-02-18 09:18:04
YouBike2.0_凌雲五村(研究院路三段8巷),5,21,2022-02-17 19:49:15
YouBike2.0_新新公園(昆陽街60巷),15,5,2022-02-18 09:19:12
YouBike2.0_南港高中(昆陽街),8,6,2022-02-18 07:40:36
YouBike2.0_南港路三段290巷口,7,13,2022-02-18 07:25:27
YouBike2.0_南港路三段220巷口,9,16,2022-02-18 08:36:12
YouBike2.0_南港東新街口,20,8,2022-02-18 06:06:11
YouBike2.0_八德中坡路口,3,23,2022-02-18 09:19:12
YouBike2.0_捷運後山埤站(3號出口),4,8,2022-02-18 09:16:09
YouBike2.0_玉成公園運動中心,5,8,2022-02-18 09:04:12
YouBike2.0_百福公園,10,8,2022-02-18 08:13:12
YouBike2.0_南湖大橋(經貿二路255巷),6,14,2022-02-18 07:45:31
YouBike2.0_南港車站B棟(市民大道),5,9,2022-02-18 09:03:13
YouBike2.0_胡適公園,7,13,2022-02-18 09:12:12
YouBike2.0_南港抽水站,6,10,2022-02-18 07:07:12
YouBike2.0_經貿公園,13,7,2022-02-18 04:22:11
YouBike2.0_育成高中,13,7,2022-02-18 09:04:12
YouBike2.0_捷運南港展覽館站(7號出口),10,10,2022-02-18 09:07:12
YouBike2.0_力行橋(南港),4,14,2022-02-18 09:16:09
YouBike2.0_舊莊國小(舊莊街一段),9,6,2022-02-18 07:37:12
YouBike2.0_向陽公園,8,9,2022-02-18 09:06:12
YouBike2.0_黎忠區民活動中心,1,14,2022-02-18 08:57:12
YouBike2.0_基隆路二段159巷口,3,12,2022-02-18 09:19:12
YouBike2.0_嘉興街175巷口,5,11,2022-02-18 08:55:38
YouBike2.0_和平東路三段631巷口,9,6,2022-02-18 08:50:34
YouBike2.0_和平東路三段530巷口,4,11,2022-02-17 22:00:53
YouBike2.0_景勤二號公園,28,13,2022-02-18 08:56:28
YouBike2.0_臺北醫學大學,5,11,2022-02-18 09:13:12
YouBike2.0_三興公園,2,12,2022-02-18 09:06:12
YouBike2.0_松德站,12,8,2022-02-18 09:19:12
YouBike2.0_捷運象山站(2號出口),7,24,2022-02-18 09:19:12
YouBike2.0_象山公園,4,11,2022-02-18 09:19:12
YouBike2.0_松仁路253巷3弄,8,5,2022-02-18 09:05:31
YouBike2.0_興雅國中,0,18,2022-02-18 09:05:22
YouBike2.0_捷運象山站(1號出口),11,13,2022-02-18 09:00:42
YouBike2.0_松德路200巷,19,22,2022-02-18 09:13:12
YouBike2.0_中全公園,3,14,2022-02-18 09:18:14
YouBike2.0_台北市災害應變中心,22,3,2022-02-18 09:18:14
YouBike2.0_信義運動中心,20,13,2022-02-18 09:14:12
YouBike2.0_捷運台北101/世貿站(3號出口),11,4,2022-02-18 09:13:12
YouBike2.0_景新公園,8,9,2022-02-18 09:09:12
YouBike2.0_光復信義路口東南側,2,14,2022-02-18 09:07:12
YouBike2.0_三張犁,7,8,2022-02-18 09:18:14
YouBike2.0_仁愛路四段496巷口,9,12,2022-02-18 09:14:12
YouBike2.0_松山工農,27,7,2022-02-18 09:07:12
YouBike2.0_松友公園,5,7,2022-02-18 09:19:12
YouBike2.0_林口公園,6,23,2022-02-18 09:12:13
YouBike2.0_松山家商,10,15,2022-02-18 08:43:12
YouBike2.0_永春陂濕地公園,13,10,2022-02-18 08:07:12
YouBike2.0_臺北市政府,9,39,2022-02-18 09:18:14
YouBike2.0_松智松壽路口,14,25,2022-02-18 09:10:41
YouBike2.0_市府松壽路口,20,8,2022-02-18 09:19:12
YouBike2.0_市府松高路口,16,8,2022-02-18 09:18:14
YouBike2.0_信義廣場(台北101),19,14,2022-02-18 09:13:12
YouBike2.0_捷運台北101/世貿站(5號出口),2,13,2022-02-18 09:18:14
YouBike2.0_春光公園,5,19,2022-02-18 09:16:09
YouBike2.0_松仁路121巷口,9,22,2022-02-18 08:57:12
YouBike2.0_福德國小,10,5,2022-02-18 09:18:14
YouBike2.0_福德公園,0,22,2022-02-11 02:29:11
YouBike2.0_松高路(信義新天地A4館),7,9,2022-02-18 09:18:14
YouBike2.0_興雅松仁路口,9,55,2022-02-18 09:18:14
YouBike2.0_福祥公園,1,17,2022-02-18 09:08:11
YouBike2.0_吳興公車總站,19,1,2022-02-18 09:19:12
YouBike2.0_泰和公園,2,13,2022-02-18 09:18:14
YouBike2.0_興雅國小(基隆路一段37巷),4,8,2022-02-18 08:21:44
YouBike2.0_雅祥公園(松信路50巷口),7,5,2022-02-18 09:18:14
YouBike2.0_松山車站,3,21,2022-02-18 09:18:14
YouBike2.0_五常公園,3,10,2022-02-18 08:56:12
YouBike2.0_永吉松信路口,0,11,2022-02-18 09:10:32
YouBike2.0_三興國小,10,12,2022-02-18 09:07:12
YouBike2.0_市民松信路口,10,10,2022-02-18 08:30:46
YouBike2.0_松山高中,12,2,2022-02-18 09:18:14
YouBike2.0_基隆光復路口,3,6,2022-02-18 09:14:12
YouBike2.0_基隆忠孝路口西南側,4,10,2022-02-18 09:10:41
YouBike2.0_泰和里民活動中心,6,5,2022-02-18 08:47:12
YouBike2.0_捷運後山埤站(2號出口),14,7,2022-02-18 09:16:09
YouBike2.0_虎林永吉路口,4,8,2022-02-18 08:12:12
YouBike2.0_永吉公園,1,16,2022-02-18 09:10:41
YouBike2.0_永吉路321巷口,3,7,2022-02-18 09:04:12
YouBike2.0_松山永吉路口,0,20,2022-02-18 08:14:04
YouBike2.0_松山路292巷口,5,12,2022-02-18 09:04:12
YouBike2.0_捷運象山站(3號出口),7,17,2022-02-18 09:18:14
YouBike2.0_松德公園,4,13,2022-02-18 09:13:12
YouBike2.0_世貿三館,6,10,2022-02-18 08:37:12
YouBike2.0_松德虎林街口,2,8,2022-02-18 09:13:12
YouBike2.0_富台公園,5,7,2022-02-18 09:18:14
YouBike2.0_基隆路一段101巷口,3,9,2022-02-18 09:07:12
YouBike2.0_捷運永春站(2號出口),0,9,2022-02-18 09:08:03
YouBike2.0_吳興街260巷,4,6,2022-02-18 09:19:12
YouBike2.0_松山家商(林口街),7,9,2022-02-18 09:16:09
YouBike2.0_仁愛逸仙路口,4,8,2022-02-18 08:56:12
YouBike2.0_安強公園,9,3,2022-02-18 09:18:14
YouBike2.0_信義基隆路口,4,4,2022-02-18 09:18:14
YouBike2.0_捷運台北101/世貿站(2號出口),0,20,2022-02-18 09:05:22
YouBike2.0_吳興街284巷36弄口,6,14,2022-02-18 08:51:13
YouBike2.0_協和祐德高級中學,9,11,2022-02-18 07:40:36
YouBike2.0_福德國小公車站,2,8,2022-02-18 09:11:12
YouBike2.0_德昌寶興街口(西北角),6,8,2022-02-18 09:01:12
YouBike2.0_寶興長泰街口(西南角),9,6,2022-02-18 08:44:12
YouBike2.0_萬大路486巷口,1,7,2022-02-18 09:10:32
YouBike2.0_國興中華路口,5,8,2022-02-18 09:00:42
YouBike2.0_古亭國中,7,5,2022-02-18 08:50:34
YouBike2.0_國興水源路口,7,7,2022-02-18 06:55:30
YouBike2.0_青年公園高爾夫球場,9,7,2022-02-18 09:13:12
YouBike2.0_國興青年路口,1,11,2022-02-18 09:00:32
YouBike2.0_青年公園棒球場,11,17,2022-02-18 09:18:14
YouBike2.0_青年公園籃球場,10,6,2022-02-18 08:11:12
YouBike2.0_復華花園新城,8,6,2022-02-18 09:08:11
YouBike2.0_新和國小,8,12,2022-02-18 09:10:41
YouBike2.0_莒光郵局,0,15,2022-02-18 08:38:04
YouBike2.0_莒光立體停車場,4,6,2022-02-18 09:19:12
YouBike2.0_艋舺大道146巷口,0,14,2022-02-18 07:12:04
YouBike2.0_東園國小,6,9,2022-02-18 09:13:12
YouBike2.0_華中疏散門,10,2,2022-02-18 08:45:27
YouBike2.0_忠德公園,1,11,2022-02-18 09:14:12
YouBike2.0_萬華國中,14,7,2022-02-18 08:14:12
YouBike2.0_華江高中,10,12,2022-02-18 09:18:14
YouBike2.0_西園艋舺路口,9,15,2022-02-18 08:54:12
YouBike2.0_雙園國中,3,15,2022-02-18 09:05:31
YouBike2.0_長順區民活動中心,12,14,2022-02-18 08:15:46
YouBike2.0_華江國小,10,10,2022-02-18 08:16:14
YouBike2.0_華江八號公園,9,11,2022-02-18 09:18:14
YouBike2.0_環河南雙園街口,13,2,2022-02-18 09:08:11
YouBike2.0_大理高中,9,10,2022-02-18 09:19:12
YouBike2.0_糖廍文化園區,6,8,2022-02-18 09:08:11
YouBike2.0_兩棵樹公園,0,17,2022-02-18 09:10:32
YouBike2.0_萬華青年公宅,12,11,2022-02-18 09:19:04
YouBike2.0_開封西寧路口,3,18,2022-02-18 09:14:12
YouBike2.0_峨嵋停車場,9,20,2022-02-18 09:16:28
YouBike2.0_長沙公園,5,12,2022-02-18 07:49:13
YouBike2.0_貓公園(中興橋頭),12,3,2022-02-18 01:37:11
YouBike2.0_西本願寺廣場,8,22,2022-02-18 09:18:14
YouBike2.0_中華桂林路口,0,14,2022-02-18 09:21:04
YouBike2.0_捷運龍山寺站(1號出口),4,18,2022-02-18 09:14:12
YouBike2.0_龍山國小,1,23,2022-02-18 08:45:27
YouBike2.0_華西公園,3,20,2022-02-18 09:18:14
YouBike2.0_老松國小,7,21,2022-02-18 09:07:12
YouBike2.0_萬華火車站,2,17,2022-02-18 09:18:14
YouBike2.0_萬華火車站(D2廣場),0,17,2022-02-18 08:55:30
YouBike2.0_捷運龍山寺站(3號出口),0,23,2022-02-18 08:35:19
YouBike2.0_臺北市電影主題公園(峨嵋街),1,14,2022-02-18 09:07:12
YouBike2.0_臺北市電影主題公園(康定路),7,8,2022-02-18 09:11:12
YouBike2.0_中華峨嵋街口,7,17,2022-02-18 08:57:12
YouBike2.0_萬華266號綠地,1,14,2022-02-18 09:14:03
YouBike2.0_萬大國小(萬大路344巷口),8,10,2022-02-18 09:14:12
YouBike2.0_德昌街10巷口,6,4,2022-02-18 09:00:42
YouBike2.0_西園公園,5,9,2022-02-18 08:50:34
YouBike2.0_華江污水廠,1,19,2022-02-18 07:55:31
YouBike2.0_柳鄉公園,3,18,2022-02-18 09:19:12
YouBike2.0_綠堤社區公園,12,10,2022-02-18 09:11:12
YouBike2.0_長順艋舺大道口,11,14,2022-02-18 08:57:12
YouBike2.0_臺大水源舍區A棟,0,37,2022-02-18 08:34:04
YouBike2.0_臺大卓越研究大樓,1,31,2022-02-18 08:50:34
YouBike2.0_臺大水源修齊會館,0,18,2022-02-18 08:28:04
YouBike2.0_臺大檔案展示館,1,9,2022-02-18 09:10:32
YouBike2.0_臺大水源舍區B棟,0,30,2022-02-18 08:52:04
YouBike2.0_臺大男八舍東側,0,42,2022-02-18 09:03:04
YouBike2.0_臺大禮賢樓東南側,7,16,2022-02-18 09:13:12
YouBike2.0_臺大農業陳列館北側,2,43,2022-02-18 09:10:41
YouBike2.0_臺大管理學院二館北側,9,2,2022-02-18 09:16:09
YouBike2.0_臺大土木系館,3,7,2022-02-18 09:14:12
YouBike2.0_臺大大一女舍北側,1,52,2022-02-18 09:21:04
YouBike2.0_臺大女九舍西南側,26,4,2022-02-18 09:19:12
YouBike2.0_臺大小福樓東側,10,10,2022-02-18 09:18:14
YouBike2.0_臺大立體機車停車場,1,26,2022-02-18 09:09:12
YouBike2.0_臺大工綜館南側,15,8,2022-02-18 09:16:09
YouBike2.0_臺大天文數學館南側,1,14,2022-02-18 09:16:09
YouBike2.0_臺大心理系館南側,12,4,2022-02-18 09:19:12
YouBike2.0_臺大樂學館東側,1,9,2022-02-18 09:18:04
YouBike2.0_臺大農化新館西側,0,10,2022-02-17 23:18:04
YouBike2.0_臺大五號館西側,0,10,2022-02-18 09:05:22
YouBike2.0_臺大舊體育館西側,7,21,2022-02-18 08:13:12
YouBike2.0_臺大共同教室北側,1,19,2022-02-18 09:12:13
YouBike2.0_臺大共同教室東南側,1,11,2022-02-18 09:21:04
YouBike2.0_臺大鹿鳴堂東側,0,27,2022-02-18 09:14:03
YouBike2.0_臺大公館停車場西北側,0,12,2022-02-17 22:50:35
YouBike2.0_臺大第二行政大樓南側,0,10,2022-02-18 09:05:22
YouBike2.0_臺大明達館機車停車場,4,6,2022-02-18 09:19:12
YouBike2.0_臺大二號館,0,10,2022-02-18 08:54:04
YouBike2.0_臺大凝態館南側,10,10,2022-02-18 09:14:12
YouBike2.0_臺大社科院西側,26,16,2022-02-18 09:19:12
YouBike2.0_臺大社會系館南側,15,10,2022-02-18 09:19:12
YouBike2.0_臺大思亮館東南側,7,3,2022-02-18 09:14:12
YouBike2.0_臺大椰林小舖,0,25,2022-02-18 08:55:30
YouBike2.0_臺大計資中心南側,3,13,2022-02-18 09:16:03
YouBike2.0_臺大原分所北側,5,7,2022-02-18 09:13:12
YouBike2.0_臺大校史館南側,0,10,2021-11-30 15:46:12
YouBike2.0_臺大生命科學館西北側,3,7,2022-02-18 09:08:11
YouBike2.0_臺大第一活動中心西南側,21,19,2022-02-18 09:18:14
YouBike2.0_臺大博理館西側,7,15,2022-02-18 09:18:14
YouBike2.0_臺大博雅館西側,8,48,2022-02-18 09:10:41
YouBike2.0_臺大森林館北側,0,10,2022-02-18 09:21:04
YouBike2.0_臺大一號館,0,19,2022-02-18 09:18:04
YouBike2.0_臺大小小福西南側,0,10,2022-02-18 08:32:04
YouBike2.0_臺大教研館北側,1,10,2022-02-18 09:16:03
YouBike2.0_臺大四號館東北側,0,10,2022-02-18 08:23:04
YouBike2.0_臺大新生教室南側,14,0,2022-02-18 09:13:04
YouBike2.0_臺大鄭江樓北側,0,10,2022-02-18 09:07:04
YouBike2.0_臺大電機二館東南側,3,11,2022-02-18 09:11:12
YouBike2.0_臺大圖資系館北側,9,1,2022-02-18 09:21:04
YouBike2.0_臺大總圖書館西南側,3,27,2022-02-18 09:16:09
YouBike2.0_臺大黑森林西側,9,11,2022-02-18 09:18:14
YouBike2.0_臺大獸醫館南側,7,3,2022-02-18 09:14:12
YouBike2.0_臺大新體育館東南側,17,23,2022-02-18 09:16:09
