項次,性別,年齡,職業,薪水,婚姻,居住地,交通方式,飲料偏好,價格,外送習慣,,,,,,,,,,,,
1,女,34,職員,58500,未婚,信義區,捷運,CoCo都可,45,否,,,,,,,,,,,,
2,男,40,職員,60000,未婚,內湖區,捷運,CoCo都可,60,否,,,,,,,,,,,,
3,男,37,自由業,41500,已婚,中正區,公車,五桐號,55,是,,,,,,,,,,,,
4,女,43,職員,41000,未婚,萬華區,騎車,可不可,50,是,,,,,,,,,,,,
5,男,49,職員,62500,已婚,南港區,公車,其他,65,是,,,,,,,,,,,,
6,男,40,工程師,53500,未婚,信義區,騎車,約翰紅茶,35,否,,,,,,,,,,,,
7,女,28,服務業,46500,未婚,萬華區,公車,萬波,65,是,,,,,,,,,,,,
8,女,28,零售業,70000,已婚,大安區,公車,可不可,60,否,,,,,,,,,,,,
9,男,50,金融業,58500,未婚,中正區,捷運,可不可,45,否,,,,,,,,,,,,
10,男,38,職員,32000,已婚,萬華區,公車,珍煮丹,40,否,,,,,,,,,,,,
11,男,45,傳統市場,29000,未婚,士林區,捷運,其他,45,是,,,,,,,,,,,,
12,男,42,傳統市場,61000,未婚,大同區,捷運,其他,40,否,,,,,,,,,,,,
13,男,49,業務,66500,已婚,萬華區,騎車,五桐號,65,是,,,,,,,,,,,,
14,男,37,傳統市場,35500,未婚,南港區,騎車,約翰紅茶,35,否,,,,,,,,,,,,
15,男,46,職員,36500,已婚,文山區,公車,CoCo都可,50,否,,,,,,,,,,,,
16,男,46,傳統市場,76000,未婚,大同區,公車,珍煮丹,50,是,,,,,,,,,,,,
17,男,46,自由業,32000,已婚,信義區,騎車,五桐號,60,是,,,,,,,,,,,,
18,女,41,業務,69500,已婚,松山區,捷運,春水堂,70,否,,,,,,,,,,,,
19,男,26,職員,32500,未婚,北投區,公車,珍煮丹,35,否,,,,,,,,,,,,
20,女,20,工程師,68500,已婚,松山區,公車,五桐號,40,是,,,,,,,,,,,,
21,女,40,自由業,57500,已婚,大同區,公車,春水堂,65,是,,,,,,,,,,,,
22,男,32,職員,52500,未婚,大安區,公車,約翰紅茶,65,否,,,,,,,,,,,,
23,女,43,職員,31000,已婚,中山區,開車,50嵐,35,是,,,,,,,,,,,,
24,男,41,職員,59500,已婚,大同區,騎車,龜記,55,否,,,,,,,,,,,,
25,男,30,金融業,65000,未婚,北投區,開車,天仁茗茶,50,是,,,,,,,,,,,,
26,男,39,金融業,38000,未婚,南港區,公車,珍煮丹,70,否,,,,,,,,,,,,
27,女,36,傳統市場,56500,已婚,北投區,捷運,珍煮丹,60,是,,,,,,,,,,,,
28,男,34,金融業,40000,已婚,北投區,騎車,50嵐,50,否,,,,,,,,,,,,
29,女,34,金融業,48000,未婚,萬華區,公車,春水堂,60,是,,,,,,,,,,,,
30,男,26,職員,33500,未婚,中正區,公車,龜記,55,是,,,,,,,,,,,,
31,女,38,職員,56500,未婚,萬華區,捷運,天仁茗茶,45,否,,,,,,,,,,,,
32,女,40,職員,80000,已婚,中山區,騎車,天仁茗茶,50,否,,,,,,,,,,,,
33,男,23,職員,75000,未婚,文山區,公車,清新福全,60,否,,,,,,,,,,,,
34,女,47,職員,44000,已婚,文山區,騎車,萬波,65,否,,,,,,,,,,,,
35,男,26,零售業,58000,未婚,士林區,公車,珍煮丹,55,否,,,,,,,,,,,,
36,女,42,工人,55500,已婚,南港區,捷運,春水堂,45,是,,,,,,,,,,,,
37,男,48,學生,40500,已婚,士林區,捷運,CoCo都可,65,是,,,,,,,,,,,,
38,男,29,工程師,40000,未婚,大同區,騎車,可不可,65,否,,,,,,,,,,,,
39,男,30,職員,57500,已婚,北投區,公車,春水堂,35,是,,,,,,,,,,,,
40,女,34,傳統市場,76500,未婚,士林區,捷運,可不可,60,否,,,,,,,,,,,,
41,男,44,工程師,62500,已婚,松山區,公車,天仁茗茶,40,是,,,,,,,,,,,,
42,女,41,工人,52500,已婚,萬華區,捷運,春水堂,55,否,,,,,,,,,,,,
43,女,26,職員,63500,已婚,南港區,公車,清新福全,35,是,,,,,,,,,,,,
44,男,25,職員,64000,已婚,大安區,公車,春水堂,70,否,,,,,,,,,,,,
45,女,24,工程師,43000,已婚,松山區,捷運,萬波,40,是,,,,,,,,,,,,
46,女,34,職員,30000,已婚,中山區,公車,約翰紅茶,55,是,,,,,,,,,,,,
47,女,25,金融業,61500,已婚,萬華區,騎車,龜記,50,否,,,,,,,,,,,,
48,男,22,業務,79500,已婚,文山區,公車,五桐號,60,是,,,,,,,,,,,,
49,女,31,職員,49000,已婚,士林區,公車,約翰紅茶,60,否,,,,,,,,,,,,
50,男,23,職員,49000,未婚,士林區,公車,春水堂,45,是,,,,,,,,,,,,
51,男,45,職員,32000,未婚,大安區,開車,50嵐,35,是,,,,,,,,,,,,
52,男,49,職員,41500,已婚,北投區,捷運,清新福全,65,否,,,,,,,,,,,,
53,女,38,律師,39500,已婚,松山區,公車,龜記,60,是,,,,,,,,,,,,
54,男,24,職員,71000,已婚,信義區,公車,春水堂,60,否,,,,,,,,,,,,
55,男,30,服務業,76000,未婚,中山區,開車,天仁茗茶,40,是,,,,,,,,,,,,
56,男,21,工人,29000,已婚,大安區,騎車,其他,45,是,,,,,,,,,,,,
57,男,28,職員,67000,未婚,士林區,捷運,其他,35,否,,,,,,,,,,,,
58,女,28,業務,36000,未婚,北投區,公車,珍煮丹,50,是,,,,,,,,,,,,
59,女,20,職員,79500,未婚,內湖區,開車,珍煮丹,60,否,,,,,,,,,,,,
60,男,21,職員,45000,未婚,文山區,騎車,萬波,45,否,,,,,,,,,,,,
61,男,29,金融業,60500,未婚,大安區,騎車,50嵐,45,否,,,,,,,,,,,,
62,男,48,職員,74000,已婚,北投區,捷運,CoCo都可,45,是,,,,,,,,,,,,
63,男,25,傳統市場,61500,未婚,信義區,捷運,CoCo都可,40,否,,,,,,,,,,,,
64,女,28,職員,69000,未婚,大同區,公車,可不可,35,是,,,,,,,,,,,,
65,女,36,工程師,52500,未婚,大安區,捷運,50嵐,40,否,,,,,,,,,,,,
66,女,40,業務,79500,未婚,松山區,騎車,龜記,35,是,,,,,,,,,,,,
67,女,48,職員,78000,已婚,萬華區,捷運,約翰紅茶,35,是,,,,,,,,,,,,
68,女,22,職員,32500,已婚,南港區,捷運,約翰紅茶,55,否,,,,,,,,,,,,
69,女,46,職員,42000,未婚,信義區,捷運,天仁茗茶,45,否,,,,,,,,,,,,
70,女,28,金融業,74000,未婚,南港區,公車,五桐號,65,否,,,,,,,,,,,,
71,女,42,職員,31000,已婚,士林區,騎車,萬波,65,是,,,,,,,,,,,,
72,男,49,職員,34500,未婚,中正區,公車,春水堂,45,否,,,,,,,,,,,,
73,男,37,服務業,56000,已婚,大安區,騎車,天仁茗茶,65,否,,,,,,,,,,,,
74,女,20,職員,66000,已婚,萬華區,捷運,萬波,35,是,,,,,,,,,,,,
75,女,37,工程師,41500,已婚,北投區,捷運,天仁茗茶,40,是,,,,,,,,,,,,
76,女,50,自由業,45000,未婚,大同區,公車,龜記,40,是,,,,,,,,,,,,
77,女,45,職員,28000,已婚,南港區,捷運,春水堂,70,否,,,,,,,,,,,,
78,女,44,業務,28000,已婚,萬華區,捷運,約翰紅茶,50,否,,,,,,,,,,,,
79,男,38,業務,44000,已婚,中山區,騎車,春水堂,55,是,,,,,,,,,,,,
80,男,42,職員,73000,已婚,萬華區,公車,50嵐,65,否,,,,,,,,,,,,
81,女,27,職員,76500,已婚,南港區,公車,可不可,40,是,,,,,,,,,,,,
82,男,28,金融業,32000,已婚,中正區,捷運,約翰紅茶,55,是,,,,,,,,,,,,
83,女,38,職員,64000,未婚,信義區,騎車,五桐號,50,否,,,,,,,,,,,,
84,女,39,職員,30500,已婚,松山區,開車,天仁茗茶,40,否,,,,,,,,,,,,
85,女,46,零售業,47000,未婚,內湖區,捷運,珍煮丹,35,否,,,,,,,,,,,,
86,女,35,自由業,79000,未婚,松山區,捷運,清新福全,65,是,,,,,,,,,,,,
87,男,50,傳統市場,55000,未婚,南港區,騎車,五桐號,35,否,,,,,,,,,,,,
88,男,36,警察,52000,已婚,大安區,捷運,天仁茗茶,65,否,,,,,,,,,,,,
89,男,23,金融業,73500,已婚,士林區,公車,五桐號,70,否,,,,,,,,,,,,
90,男,50,工人,43500,已婚,南港區,公車,龜記,40,否,,,,,,,,,,,,
91,女,49,工程師,76000,已婚,北投區,捷運,CoCo都可,70,否,,,,,,,,,,,,
92,男,38,業務,37000,已婚,信義區,公車,其他,40,是,,,,,,,,,,,,
93,女,45,工程師,73000,已婚,大安區,公車,龜記,65,否,,,,,,,,,,,,
94,女,31,工程師,73000,未婚,大同區,捷運,清新福全,40,否,,,,,,,,,,,,
95,女,20,工程師,38500,已婚,松山區,公車,萬波,45,否,,,,,,,,,,,,
96,女,33,金融業,59500,已婚,中山區,開車,龜記,65,否,,,,,,,,,,,,
97,女,39,職員,78500,已婚,萬華區,騎車,天仁茗茶,50,否,,,,,,,,,,,,
98,女,42,職員,68500,已婚,大同區,公車,約翰紅茶,45,否,,,,,,,,,,,,
99,女,31,工程師,60000,已婚,大同區,公車,CoCo都可,45,否,,,,,,,,,,,,
100,男,31,工程師,57000,未婚,內湖區,公車,可不可,40,否,,,,,,,,,,,,
101,男,38,職員,39000,已婚,松山區,公車,其他,60,是,,,,,,,,,,,,
102,男,40,職員,71000,已婚,南港區,公車,約翰紅茶,50,是,,,,,,,,,,,,
103,女,31,工人,44500,已婚,士林區,捷運,珍煮丹,50,否,,,,,,,,,,,,
104,男,30,學生,79000,已婚,中正區,開車,50嵐,40,否,,,,,,,,,,,,
105,女,22,職員,45500,未婚,中山區,捷運,天仁茗茶,60,否,,,,,,,,,,,,
106,男,40,自由業,66500,未婚,大安區,捷運,50嵐,40,否,,,,,,,,,,,,
107,男,29,職員,58500,未婚,中山區,公車,CoCo都可,40,否,,,,,,,,,,,,
108,女,22,學生,40000,已婚,文山區,公車,其他,70,是,,,,,,,,,,,,
109,男,32,零售業,71500,已婚,南港區,公車,清新福全,65,是,,,,,,,,,,,,
110,男,22,工程師,32500,未婚,內湖區,捷運,天仁茗茶,50,否,,,,,,,,,,,,
111,女,24,警察,75000,已婚,中正區,捷運,萬波,50,否,,,,,,,,,,,,
112,男,29,服務業,56500,未婚,士林區,騎車,春水堂,45,是,,,,,,,,,,,,
113,男,21,工人,31500,未婚,中正區,公車,約翰紅茶,45,是,,,,,,,,,,,,
114,女,43,職員,48000,未婚,松山區,捷運,萬波,50,否,,,,,,,,,,,,
115,女,49,工程師,35500,已婚,文山區,捷運,天仁茗茶,55,否,,,,,,,,,,,,
116,男,38,服務業,28000,已婚,內湖區,捷運,五桐號,70,否,,,,,,,,,,,,
117,女,46,教師,39500,已婚,士林區,捷運,萬波,45,是,,,,,,,,,,,,
118,女,47,業務,29000,已婚,松山區,騎車,萬波,70,是,,,,,,,,,,,,
119,男,20,工程師,46000,已婚,大同區,騎車,珍煮丹,45,是,,,,,,,,,,,,
120,男,27,金融業,69000,未婚,松山區,騎車,五桐號,50,是,,,,,,,,,,,,
121,女,40,學生,35000,已婚,信義區,捷運,約翰紅茶,50,是,,,,,,,,,,,,
122,男,27,工程師,72000,已婚,內湖區,開車,龜記,55,是,,,,,,,,,,,,
123,男,21,學生,49000,未婚,文山區,公車,CoCo都可,70,是,,,,,,,,,,,,
124,男,25,律師,72500,已婚,文山區,公車,萬波,65,否,,,,,,,,,,,,
125,男,21,業務,64000,已婚,文山區,騎車,清新福全,45,是,,,,,,,,,,,,
126,男,35,職員,59000,未婚,士林區,捷運,天仁茗茶,45,否,,,,,,,,,,,,
127,女,43,傳統市場,34000,已婚,士林區,騎車,可不可,55,否,,,,,,,,,,,,
128,男,27,業務,76500,未婚,中正區,騎車,天仁茗茶,35,是,,,,,,,,,,,,
129,女,42,職員,47000,未婚,萬華區,捷運,CoCo都可,55,否,,,,,,,,,,,,
130,男,36,傳統市場,59000,已婚,信義區,公車,約翰紅茶,65,否,,,,,,,,,,,,
131,男,29,自由業,69000,未婚,北投區,捷運,天仁茗茶,55,是,,,,,,,,,,,,
132,男,26,業務,38000,未婚,萬華區,騎車,50嵐,70,否,,,,,,,,,,,,
133,女,42,職員,57000,未婚,萬華區,捷運,清新福全,65,否,,,,,,,,,,,,
134,女,43,職員,35500,已婚,南港區,捷運,五桐號,70,是,,,,,,,,,,,,
135,男,32,傳統市場,28000,未婚,內湖區,捷運,天仁茗茶,50,是,,,,,,,,,,,,
136,男,24,警察,76000,已婚,士林區,公車,50嵐,40,是,,,,,,,,,,,,
137,男,30,職員,38000,未婚,文山區,捷運,五桐號,60,是,,,,,,,,,,,,
138,女,32,職員,36500,未婚,士林區,捷運,CoCo都可,45,否,,,,,,,,,,,,
139,女,22,傳統市場,59500,未婚,文山區,公車,可不可,55,否,,,,,,,,,,,,
140,男,42,職員,64500,已婚,信義區,騎車,萬波,60,是,,,,,,,,,,,,
141,男,36,職員,74500,已婚,士林區,捷運,萬波,65,否,,,,,,,,,,,,
142,女,29,警察,76000,已婚,南港區,騎車,約翰紅茶,45,否,,,,,,,,,,,,
143,男,30,職員,43000,未婚,北投區,公車,約翰紅茶,40,否,,,,,,,,,,,,
144,女,50,自由業,77000,已婚,中山區,騎車,珍煮丹,35,是,,,,,,,,,,,,
145,女,41,金融業,41500,未婚,內湖區,捷運,其他,35,否,,,,,,,,,,,,
146,女,32,工人,34500,未婚,內湖區,公車,約翰紅茶,50,是,,,,,,,,,,,,
147,女,30,工程師,43000,已婚,信義區,騎車,其他,40,是,,,,,,,,,,,,
148,女,49,學生,52000,已婚,士林區,捷運,萬波,60,是,,,,,,,,,,,,
149,男,43,職員,71500,已婚,中山區,公車,天仁茗茶,40,否,,,,,,,,,,,,
150,男,47,職員,41000,已婚,北投區,公車,其他,35,是,,,,,,,,,,,,
151,男,37,職員,31500,未婚,中山區,捷運,珍煮丹,45,否,,,,,,,,,,,,
152,女,48,傳統市場,58000,已婚,中正區,開車,可不可,50,是,,,,,,,,,,,,
153,女,45,業務,76000,未婚,松山區,捷運,清新福全,55,否,,,,,,,,,,,,
154,男,41,業務,31500,已婚,文山區,捷運,五桐號,60,否,,,,,,,,,,,,
155,男,49,工人,29000,未婚,松山區,騎車,清新福全,70,否,,,,,,,,,,,,
156,女,31,傳統市場,34500,已婚,大同區,公車,50嵐,70,是,,,,,,,,,,,,
157,男,24,自由業,69000,未婚,萬華區,開車,萬波,65,否,,,,,,,,,,,,
158,男,25,工程師,35500,未婚,士林區,公車,CoCo都可,60,否,,,,,,,,,,,,
159,男,24,職員,76000,已婚,中山區,騎車,可不可,45,否,,,,,,,,,,,,
160,男,30,職員,59500,已婚,萬華區,捷運,珍煮丹,35,否,,,,,,,,,,,,
161,男,24,職員,33000,未婚,大安區,捷運,清新福全,70,否,,,,,,,,,,,,
162,女,49,工程師,42000,未婚,萬華區,捷運,五桐號,60,是,,,,,,,,,,,,
163,女,22,職員,67500,已婚,信義區,騎車,萬波,45,否,,,,,,,,,,,,
164,男,32,自由業,72000,已婚,文山區,開車,其他,55,是,,,,,,,,,,,,
165,男,21,工程師,68500,已婚,萬華區,騎車,其他,60,否,,,,,,,,,,,,
166,男,39,金融業,31000,已婚,信義區,開車,天仁茗茶,55,是,,,,,,,,,,,,
167,男,45,職員,70000,已婚,萬華區,捷運,清新福全,70,否,,,,,,,,,,,,
168,男,22,職員,41500,已婚,北投區,捷運,CoCo都可,50,否,,,,,,,,,,,,
169,女,31,金融業,73000,未婚,南港區,開車,清新福全,60,否,,,,,,,,,,,,
170,女,33,零售業,50500,未婚,中山區,捷運,清新福全,70,否,,,,,,,,,,,,
171,女,36,工人,72500,未婚,北投區,捷運,清新福全,40,否,,,,,,,,,,,,
172,女,32,職員,65000,未婚,文山區,公車,其他,45,否,,,,,,,,,,,,
173,女,44,職員,71000,已婚,北投區,騎車,CoCo都可,40,否,,,,,,,,,,,,
174,女,24,工程師,62500,已婚,信義區,捷運,珍煮丹,70,否,,,,,,,,,,,,
175,男,42,零售業,72000,未婚,內湖區,捷運,50嵐,50,否,,,,,,,,,,,,
176,女,21,學生,37500,未婚,大同區,公車,五桐號,55,是,,,,,,,,,,,,
177,男,23,金融業,31000,已婚,中正區,騎車,CoCo都可,60,否,,,,,,,,,,,,
178,女,50,自由業,40500,未婚,南港區,捷運,清新福全,60,否,,,,,,,,,,,,
179,女,23,學生,49000,未婚,大同區,公車,萬波,45,否,,,,,,,,,,,,
180,男,46,警察,72000,已婚,信義區,開車,春水堂,50,是,,,,,,,,,,,,
181,男,30,工程師,62500,已婚,文山區,捷運,可不可,35,是,,,,,,,,,,,,
182,男,32,職員,74000,未婚,士林區,公車,珍煮丹,70,是,,,,,,,,,,,,
183,男,31,金融業,39000,未婚,中山區,騎車,春水堂,35,否,,,,,,,,,,,,
184,男,31,金融業,42000,未婚,萬華區,騎車,天仁茗茶,60,否,,,,,,,,,,,,
185,男,47,職員,77000,已婚,中正區,騎車,CoCo都可,50,是,,,,,,,,,,,,
186,女,31,職員,39000,未婚,信義區,騎車,天仁茗茶,60,否,,,,,,,,,,,,
187,女,38,傳統市場,31000,已婚,萬華區,開車,其他,35,否,,,,,,,,,,,,
188,女,27,業務,48500,已婚,北投區,捷運,春水堂,55,否,,,,,,,,,,,,
189,男,48,傳統市場,35500,未婚,大安區,捷運,可不可,55,否,,,,,,,,,,,,
190,男,33,律師,61000,已婚,大安區,捷運,CoCo都可,35,否,,,,,,,,,,,,
191,女,47,自由業,33000,未婚,中正區,公車,萬波,55,否,,,,,,,,,,,,
192,女,41,職員,78500,未婚,大同區,公車,萬波,70,否,,,,,,,,,,,,
193,女,41,自由業,47500,未婚,士林區,騎車,五桐號,35,否,,,,,,,,,,,,
194,女,21,職員,54000,未婚,信義區,開車,五桐號,55,否,,,,,,,,,,,,
195,女,39,自由業,37000,未婚,松山區,騎車,約翰紅茶,60,是,,,,,,,,,,,,
196,女,27,服務業,56500,未婚,大安區,捷運,珍煮丹,35,否,,,,,,,,,,,,
197,女,26,職員,63000,未婚,松山區,捷運,萬波,35,是,,,,,,,,,,,,
198,女,25,傳統市場,60500,已婚,內湖區,公車,珍煮丹,65,是,,,,,,,,,,,,
199,男,29,工程師,69000,已婚,中正區,捷運,50嵐,65,是,,,,,,,,,,,,
200,男,33,職員,75000,未婚,中正區,騎車,CoCo都可,65,否,,,,,,,,,,,,
201,男,26,工程師,31500,未婚,大同區,公車,約翰紅茶,70,是,,,,,,,,,,,,
202,女,47,工程師,51000,已婚,南港區,騎車,龜記,50,否,,,,,,,,,,,,
203,女,46,金融業,67000,已婚,文山區,公車,龜記,65,否,,,,,,,,,,,,
204,女,36,職員,68000,未婚,士林區,開車,春水堂,70,否,,,,,,,,,,,,
205,女,26,職員,37500,未婚,大同區,公車,可不可,35,否,,,,,,,,,,,,
206,女,26,職員,52000,已婚,信義區,公車,珍煮丹,50,否,,,,,,,,,,,,
207,女,22,金融業,31500,未婚,內湖區,公車,其他,70,否,,,,,,,,,,,,
208,女,21,職員,29500,未婚,大安區,捷運,五桐號,45,否,,,,,,,,,,,,
209,女,35,職員,46500,未婚,北投區,騎車,清新福全,60,否,,,,,,,,,,,,
210,男,21,職員,60000,已婚,中山區,騎車,CoCo都可,35,否,,,,,,,,,,,,
211,男,24,工程師,30000,未婚,內湖區,公車,五桐號,60,否,,,,,,,,,,,,
212,男,31,職員,62500,已婚,松山區,騎車,約翰紅茶,60,否,,,,,,,,,,,,
213,男,34,職員,42500,未婚,萬華區,公車,清新福全,35,是,,,,,,,,,,,,
214,男,33,金融業,62500,未婚,大同區,捷運,CoCo都可,40,否,,,,,,,,,,,,
215,男,42,律師,68000,未婚,中正區,騎車,龜記,55,是,,,,,,,,,,,,
216,女,43,自由業,79500,已婚,南港區,騎車,約翰紅茶,35,否,,,,,,,,,,,,
217,男,33,職員,59000,已婚,文山區,捷運,龜記,50,否,,,,,,,,,,,,
218,男,41,職員,55000,已婚,萬華區,騎車,龜記,35,否,,,,,,,,,,,,
219,男,35,職員,57000,已婚,南港區,公車,天仁茗茶,70,是,,,,,,,,,,,,
220,男,23,業務,34000,已婚,中山區,公車,萬波,70,是,,,,,,,,,,,,
221,男,41,工程師,63500,未婚,中山區,捷運,萬波,40,否,,,,,,,,,,,,
222,男,26,自由業,46000,未婚,信義區,騎車,五桐號,60,否,,,,,,,,,,,,
223,女,49,業務,37000,未婚,松山區,公車,50嵐,55,是,,,,,,,,,,,,
224,女,36,自由業,60500,未婚,文山區,捷運,天仁茗茶,50,否,,,,,,,,,,,,
225,男,48,職員,45500,未婚,文山區,公車,五桐號,60,是,,,,,,,,,,,,
226,女,50,教師,73500,未婚,信義區,公車,天仁茗茶,70,是,,,,,,,,,,,,
227,男,41,零售業,68500,未婚,中正區,騎車,50嵐,35,是,,,,,,,,,,,,
228,女,43,金融業,39500,已婚,大同區,騎車,珍煮丹,60,否,,,,,,,,,,,,
229,男,30,職員,40000,未婚,南港區,捷運,CoCo都可,50,是,,,,,,,,,,,,
230,男,31,職員,37500,未婚,南港區,捷運,約翰紅茶,55,是,,,,,,,,,,,,
231,女,34,職員,76000,已婚,大安區,捷運,五桐號,40,否,,,,,,,,,,,,
232,女,30,金融業,52000,已婚,內湖區,公車,50嵐,50,否,,,,,,,,,,,,
233,女,49,職員,62000,已婚,萬華區,捷運,約翰紅茶,65,是,,,,,,,,,,,,
234,女,23,職員,36500,未婚,大同區,捷運,五桐號,65,否,,,,,,,,,,,,
235,男,50,金融業,60500,已婚,大同區,騎車,萬波,50,否,,,,,,,,,,,,
236,女,28,職員,49000,未婚,中正區,騎車,清新福全,70,否,,,,,,,,,,,,
237,女,49,學生,69000,未婚,大安區,騎車,萬波,65,是,,,,,,,,,,,,
238,女,38,業務,46500,已婚,萬華區,騎車,天仁茗茶,40,否,,,,,,,,,,,,
239,男,29,工人,56000,已婚,大同區,公車,其他,55,否,,,,,,,,,,,,
240,男,21,工程師,55500,已婚,中正區,捷運,春水堂,60,是,,,,,,,,,,,,
241,男,31,服務業,74000,已婚,萬華區,捷運,天仁茗茶,40,是,,,,,,,,,,,,
242,女,43,職員,69000,未婚,文山區,公車,天仁茗茶,60,是,,,,,,,,,,,,
243,男,39,工人,28500,已婚,文山區,騎車,珍煮丹,50,否,,,,,,,,,,,,
244,男,25,警察,47500,未婚,南港區,騎車,春水堂,35,是,,,,,,,,,,,,
245,女,44,職員,74000,未婚,中山區,公車,其他,60,否,,,,,,,,,,,,
246,男,26,職員,72500,未婚,士林區,公車,可不可,50,是,,,,,,,,,,,,
247,女,41,金融業,66500,已婚,大同區,騎車,龜記,60,否,,,,,,,,,,,,
248,女,24,職員,66500,已婚,大同區,捷運,珍煮丹,70,否,,,,,,,,,,,,
249,女,22,零售業,48500,未婚,信義區,公車,其他,50,否,,,,,,,,,,,,
250,男,35,職員,38500,未婚,大同區,公車,珍煮丹,35,否,,,,,,,,,,,,
251,男,48,職員,60500,未婚,內湖區,公車,50嵐,40,否,,,,,,,,,,,,
252,女,42,律師,56500,未婚,信義區,公車,清新福全,50,否,,,,,,,,,,,,
253,女,38,職員,58500,已婚,中山區,騎車,萬波,65,是,,,,,,,,,,,,
254,女,24,律師,28000,未婚,士林區,公車,清新福全,40,否,,,,,,,,,,,,
255,男,21,金融業,65000,未婚,中山區,開車,龜記,60,否,,,,,,,,,,,,
256,男,27,職員,41000,已婚,南港區,公車,龜記,60,是,,,,,,,,,,,,
257,女,43,工程師,70500,未婚,內湖區,公車,50嵐,55,是,,,,,,,,,,,,
258,男,24,服務業,36000,已婚,大安區,捷運,50嵐,40,否,,,,,,,,,,,,
259,女,30,職員,42500,未婚,文山區,捷運,五桐號,65,否,,,,,,,,,,,,
260,男,30,金融業,54500,已婚,內湖區,捷運,珍煮丹,45,否,,,,,,,,,,,,
261,女,35,律師,65000,已婚,中山區,公車,50嵐,70,否,,,,,,,,,,,,
262,女,22,金融業,45500,已婚,中山區,騎車,五桐號,45,否,,,,,,,,,,,,
263,女,43,零售業,50500,未婚,中山區,捷運,珍煮丹,45,是,,,,,,,,,,,,
264,女,43,自由業,75000,已婚,大安區,騎車,約翰紅茶,65,否,,,,,,,,,,,,
265,男,27,工人,43000,已婚,大同區,公車,約翰紅茶,65,否,,,,,,,,,,,,
266,男,27,工程師,46500,未婚,大安區,公車,約翰紅茶,50,否,,,,,,,,,,,,
267,女,28,教師,55500,已婚,北投區,捷運,其他,50,是,,,,,,,,,,,,
268,男,33,職員,71500,未婚,中正區,捷運,天仁茗茶,50,否,,,,,,,,,,,,
269,女,40,學生,55500,已婚,松山區,公車,50嵐,55,否,,,,,,,,,,,,
270,女,26,業務,40500,已婚,中山區,公車,50嵐,65,否,,,,,,,,,,,,
271,女,46,服務業,59000,已婚,中山區,公車,五桐號,60,是,,,,,,,,,,,,
272,男,30,學生,69000,未婚,松山區,騎車,萬波,50,是,,,,,,,,,,,,
273,男,49,服務業,46500,已婚,信義區,捷運,五桐號,35,是,,,,,,,,,,,,
274,男,20,學生,76000,已婚,松山區,公車,其他,60,否,,,,,,,,,,,,
275,女,36,金融業,53500,未婚,萬華區,公車,春水堂,55,否,,,,,,,,,,,,
276,男,23,職員,53500,已婚,中正區,騎車,天仁茗茶,70,是,,,,,,,,,,,,
277,男,43,職員,76000,已婚,中正區,騎車,春水堂,40,是,,,,,,,,,,,,
278,女,24,職員,78000,未婚,松山區,騎車,可不可,45,是,,,,,,,,,,,,
279,男,21,業務,50000,已婚,士林區,騎車,春水堂,60,否,,,,,,,,,,,,
280,女,27,服務業,60500,已婚,士林區,捷運,五桐號,40,否,,,,,,,,,,,,
281,女,30,服務業,38000,已婚,萬華區,捷運,龜記,50,否,,,,,,,,,,,,
282,女,34,教師,63000,已婚,南港區,捷運,珍煮丹,55,是,,,,,,,,,,,,
283,男,27,工程師,72000,未婚,萬華區,騎車,CoCo都可,55,是,,,,,,,,,,,,
284,女,45,醫生,43000,已婚,文山區,捷運,五桐號,60,否,,,,,,,,,,,,
285,女,48,工人,52000,已婚,南港區,捷運,萬波,65,是,,,,,,,,,,,,
286,男,31,學生,51000,未婚,南港區,公車,可不可,40,是,,,,,,,,,,,,
287,女,36,服務業,33500,已婚,士林區,公車,珍煮丹,50,否,,,,,,,,,,,,
288,女,36,職員,69000,已婚,大同區,騎車,萬波,40,否,,,,,,,,,,,,
289,女,44,職員,57000,未婚,北投區,捷運,可不可,70,是,,,,,,,,,,,,
290,女,40,醫生,68500,已婚,信義區,騎車,五桐號,65,是,,,,,,,,,,,,
291,女,31,金融業,68500,已婚,大同區,騎車,可不可,45,否,,,,,,,,,,,,
292,男,43,業務,79500,已婚,內湖區,騎車,可不可,35,否,,,,,,,,,,,,
293,男,22,金融業,60500,已婚,文山區,開車,CoCo都可,70,否,,,,,,,,,,,,
294,男,20,傳統市場,45500,已婚,中山區,捷運,五桐號,35,否,,,,,,,,,,,,
295,男,44,職員,30500,已婚,北投區,公車,春水堂,40,否,,,,,,,,,,,,
296,男,39,金融業,42500,已婚,內湖區,捷運,50嵐,35,否,,,,,,,,,,,,
297,女,32,工程師,38500,已婚,南港區,騎車,春水堂,50,否,,,,,,,,,,,,
298,男,20,傳統市場,56500,已婚,萬華區,捷運,可不可,60,否,,,,,,,,,,,,
299,女,36,職員,31500,已婚,大同區,捷運,春水堂,35,否,,,,,,,,,,,,
300,女,21,職員,28500,未婚,北投區,捷運,天仁茗茶,45,否,,,,,,,,,,,,
301,女,43,職員,64000,已婚,信義區,騎車,其他,60,是,,,,,,,,,,,,
302,男,49,工人,63500,已婚,內湖區,騎車,50嵐,45,是,,,,,,,,,,,,
303,女,46,職員,76000,已婚,文山區,捷運,五桐號,35,否,,,,,,,,,,,,
304,男,36,職員,78500,未婚,南港區,騎車,珍煮丹,60,否,,,,,,,,,,,,
305,男,36,金融業,45000,未婚,大同區,捷運,CoCo都可,35,否,,,,,,,,,,,,
306,男,44,金融業,71500,未婚,內湖區,捷運,50嵐,40,否,,,,,,,,,,,,
307,男,26,教師,63000,已婚,文山區,捷運,天仁茗茶,60,否,,,,,,,,,,,,
308,男,26,職員,72000,已婚,內湖區,騎車,約翰紅茶,50,否,,,,,,,,,,,,
309,女,24,傳統市場,72500,未婚,北投區,捷運,珍煮丹,55,否,,,,,,,,,,,,
310,女,33,工人,69000,已婚,信義區,公車,龜記,40,否,,,,,,,,,,,,
311,男,49,工程師,67500,已婚,文山區,騎車,春水堂,35,否,,,,,,,,,,,,
312,女,36,業務,33500,已婚,松山區,公車,CoCo都可,40,否,,,,,,,,,,,,
313,女,45,職員,40000,未婚,大同區,公車,龜記,60,是,,,,,,,,,,,,
314,女,32,工程師,37000,未婚,信義區,騎車,約翰紅茶,45,是,,,,,,,,,,,,
315,男,40,服務業,70500,已婚,北投區,公車,珍煮丹,70,是,,,,,,,,,,,,
316,男,20,職員,47500,已婚,萬華區,捷運,五桐號,50,是,,,,,,,,,,,,
317,女,43,業務,54000,已婚,松山區,公車,清新福全,60,是,,,,,,,,,,,,
318,女,21,職員,63500,已婚,文山區,公車,春水堂,70,否,,,,,,,,,,,,
319,女,49,學生,29000,已婚,大安區,捷運,其他,35,是,,,,,,,,,,,,
320,男,28,傳統市場,41500,已婚,士林區,捷運,可不可,50,否,,,,,,,,,,,,
321,男,35,職員,71000,未婚,南港區,公車,五桐號,50,否,,,,,,,,,,,,
322,男,50,職員,41500,未婚,大同區,捷運,CoCo都可,50,否,,,,,,,,,,,,
323,女,30,職員,28000,未婚,大同區,公車,春水堂,70,是,,,,,,,,,,,,
324,男,35,工人,51500,已婚,大同區,公車,約翰紅茶,60,否,,,,,,,,,,,,
325,男,45,職員,68000,已婚,北投區,公車,春水堂,45,是,,,,,,,,,,,,
326,女,30,傳統市場,66000,未婚,中正區,公車,龜記,35,是,,,,,,,,,,,,
327,女,21,職員,32000,已婚,信義區,騎車,可不可,70,否,,,,,,,,,,,,
328,女,49,金融業,73000,已婚,中正區,捷運,萬波,65,是,,,,,,,,,,,,
329,女,27,工程師,64000,未婚,信義區,捷運,天仁茗茶,60,是,,,,,,,,,,,,
330,女,40,業務,60500,已婚,中正區,公車,春水堂,60,是,,,,,,,,,,,,
331,女,46,職員,71000,已婚,士林區,捷運,天仁茗茶,35,否,,,,,,,,,,,,
332,男,49,金融業,79500,已婚,大同區,公車,五桐號,60,否,,,,,,,,,,,,
333,男,40,職員,70000,已婚,大同區,騎車,天仁茗茶,55,否,,,,,,,,,,,,
334,女,45,工程師,42500,已婚,信義區,公車,清新福全,45,是,,,,,,,,,,,,
335,女,50,學生,36000,已婚,士林區,捷運,50嵐,40,是,,,,,,,,,,,,
336,男,29,工人,71000,已婚,大安區,公車,天仁茗茶,65,是,,,,,,,,,,,,
337,男,37,服務業,70500,未婚,士林區,騎車,龜記,55,是,,,,,,,,,,,,
338,女,45,職員,50500,已婚,中正區,捷運,天仁茗茶,55,否,,,,,,,,,,,,
339,男,49,業務,57000,未婚,信義區,捷運,萬波,70,否,,,,,,,,,,,,
340,男,22,職員,33500,未婚,北投區,騎車,珍煮丹,65,否,,,,,,,,,,,,
341,女,36,金融業,40500,已婚,北投區,捷運,可不可,65,否,,,,,,,,,,,,
342,女,27,職員,36500,未婚,北投區,捷運,其他,55,否,,,,,,,,,,,,
343,女,48,職員,63500,已婚,士林區,騎車,50嵐,60,是,,,,,,,,,,,,
344,女,22,職員,59000,已婚,大安區,公車,其他,55,否,,,,,,,,,,,,
345,男,36,服務業,67500,未婚,中正區,騎車,珍煮丹,55,是,,,,,,,,,,,,
346,女,28,工程師,40500,未婚,中正區,騎車,春水堂,55,否,,,,,,,,,,,,
347,男,40,自由業,34000,已婚,文山區,捷運,清新福全,55,否,,,,,,,,,,,,
348,女,42,職員,46500,已婚,士林區,開車,其他,35,否,,,,,,,,,,,,
349,男,30,職員,56500,已婚,文山區,騎車,可不可,50,是,,,,,,,,,,,,
350,男,44,零售業,57500,未婚,內湖區,捷運,可不可,40,否,,,,,,,,,,,,
351,女,24,零售業,51000,已婚,北投區,開車,天仁茗茶,55,否,,,,,,,,,,,,
352,女,29,職員,39500,已婚,萬華區,捷運,清新福全,55,否,,,,,,,,,,,,
353,男,36,職員,37000,未婚,內湖區,騎車,50嵐,70,是,,,,,,,,,,,,
354,男,46,金融業,39500,已婚,大安區,騎車,其他,35,否,,,,,,,,,,,,
355,女,29,金融業,28000,已婚,北投區,騎車,清新福全,65,否,,,,,,,,,,,,
356,女,40,職員,75500,已婚,萬華區,捷運,CoCo都可,45,否,,,,,,,,,,,,
357,男,31,工程師,41500,未婚,南港區,捷運,龜記,65,是,,,,,,,,,,,,
358,男,38,職員,36500,未婚,內湖區,公車,50嵐,35,是,,,,,,,,,,,,
359,女,31,職員,38500,已婚,文山區,公車,五桐號,45,是,,,,,,,,,,,,
360,女,24,金融業,64000,已婚,文山區,捷運,珍煮丹,45,否,,,,,,,,,,,,
361,女,31,服務業,57000,未婚,文山區,捷運,萬波,70,是,,,,,,,,,,,,
362,女,38,業務,39500,已婚,文山區,捷運,春水堂,45,是,,,,,,,,,,,,
363,男,49,工人,52000,已婚,大安區,公車,清新福全,50,否,,,,,,,,,,,,
364,男,48,金融業,32500,未婚,文山區,捷運,清新福全,50,否,,,,,,,,,,,,
365,男,26,服務業,46000,未婚,大同區,公車,珍煮丹,45,是,,,,,,,,,,,,
366,女,47,自由業,56500,未婚,信義區,捷運,春水堂,35,否,,,,,,,,,,,,
367,男,24,職員,52500,已婚,內湖區,騎車,春水堂,50,否,,,,,,,,,,,,
368,女,21,職員,28500,已婚,文山區,開車,約翰紅茶,70,否,,,,,,,,,,,,
369,女,49,職員,76000,未婚,大同區,捷運,萬波,65,是,,,,,,,,,,,,
370,女,31,業務,73000,已婚,北投區,捷運,CoCo都可,60,是,,,,,,,,,,,,
371,女,31,業務,29500,未婚,松山區,捷運,其他,40,是,,,,,,,,,,,,
372,男,39,業務,57000,已婚,文山區,開車,其他,50,否,,,,,,,,,,,,
373,男,45,業務,38500,未婚,萬華區,捷運,春水堂,35,否,,,,,,,,,,,,
374,女,21,職員,62500,未婚,信義區,騎車,約翰紅茶,60,否,,,,,,,,,,,,
375,男,35,金融業,51000,已婚,中正區,捷運,萬波,70,是,,,,,,,,,,,,
376,女,34,金融業,64000,已婚,南港區,開車,龜記,35,否,,,,,,,,,,,,
377,男,46,職員,70500,未婚,文山區,捷運,CoCo都可,40,否,,,,,,,,,,,,
378,男,45,職員,32000,未婚,文山區,公車,五桐號,70,是,,,,,,,,,,,,
379,女,32,工人,35000,已婚,北投區,捷運,萬波,35,是,,,,,,,,,,,,
380,男,38,教師,53000,未婚,大安區,捷運,珍煮丹,60,是,,,,,,,,,,,,
381,女,43,傳統市場,59500,已婚,南港區,捷運,清新福全,60,是,,,,,,,,,,,,
382,女,29,職員,70500,已婚,大安區,騎車,五桐號,45,否,,,,,,,,,,,,
383,女,23,工程師,32500,已婚,內湖區,公車,清新福全,45,是,,,,,,,,,,,,
384,女,37,業務,34500,未婚,士林區,捷運,龜記,65,是,,,,,,,,,,,,
385,女,47,業務,67000,已婚,萬華區,公車,清新福全,70,是,,,,,,,,,,,,
386,男,25,職員,66000,未婚,松山區,捷運,春水堂,55,是,,,,,,,,,,,,
387,男,24,工程師,70000,已婚,南港區,騎車,五桐號,65,否,,,,,,,,,,,,
388,女,27,工程師,69000,未婚,松山區,騎車,50嵐,55,是,,,,,,,,,,,,
389,女,34,學生,53500,未婚,中山區,公車,CoCo都可,35,是,,,,,,,,,,,,
390,男,41,職員,72000,未婚,士林區,騎車,CoCo都可,60,是,,,,,,,,,,,,
391,女,28,律師,39000,已婚,中山區,公車,CoCo都可,40,否,,,,,,,,,,,,
392,男,24,業務,65000,已婚,士林區,捷運,天仁茗茶,35,否,,,,,,,,,,,,
393,男,39,服務業,60000,未婚,文山區,捷運,萬波,35,否,,,,,,,,,,,,
394,女,23,傳統市場,39000,已婚,松山區,騎車,龜記,35,否,,,,,,,,,,,,
395,男,41,工程師,31500,已婚,內湖區,公車,龜記,55,是,,,,,,,,,,,,
396,女,37,金融業,55000,未婚,中山區,開車,春水堂,50,否,,,,,,,,,,,,
397,男,29,傳統市場,61500,未婚,大同區,捷運,萬波,55,否,,,,,,,,,,,,
398,男,37,職員,62000,未婚,北投區,公車,50嵐,35,是,,,,,,,,,,,,
399,男,26,職員,40000,已婚,萬華區,公車,約翰紅茶,70,否,,,,,,,,,,,,
400,女,20,職員,39000,未婚,大安區,公車,清新福全,60,否,,,,,,,,,,,,
401,女,43,職員,73000,已婚,士林區,公車,約翰紅茶,45,是,,,,,,,,,,,,
402,女,39,職員,54000,已婚,中山區,捷運,珍煮丹,60,是,,,,,,,,,,,,
403,女,39,金融業,62500,未婚,大同區,公車,龜記,50,是,,,,,,,,,,,,
404,女,32,學生,39500,已婚,內湖區,捷運,天仁茗茶,50,否,,,,,,,,,,,,
405,男,34,金融業,39500,未婚,南港區,騎車,清新福全,65,是,,,,,,,,,,,,
406,女,28,職員,46500,未婚,萬華區,騎車,約翰紅茶,40,否,,,,,,,,,,,,
407,女,23,職員,71000,未婚,松山區,騎車,春水堂,55,否,,,,,,,,,,,,
408,男,50,職員,60000,未婚,信義區,公車,清新福全,70,否,,,,,,,,,,,,
409,男,45,學生,47500,未婚,中正區,捷運,可不可,60,否,,,,,,,,,,,,
410,女,25,職員,67500,已婚,萬華區,捷運,珍煮丹,65,否,,,,,,,,,,,,
411,女,28,職員,30500,未婚,中山區,公車,其他,35,否,,,,,,,,,,,,
412,男,47,職員,53500,已婚,大安區,騎車,CoCo都可,45,否,,,,,,,,,,,,
413,女,39,業務,33500,未婚,萬華區,捷運,清新福全,60,是,,,,,,,,,,,,
414,女,39,工程師,42000,已婚,信義區,騎車,天仁茗茶,60,是,,,,,,,,,,,,
415,女,23,職員,40500,已婚,中正區,公車,CoCo都可,50,否,,,,,,,,,,,,
416,女,45,職員,64500,已婚,大同區,捷運,龜記,45,是,,,,,,,,,,,,
417,男,22,職員,47000,未婚,信義區,騎車,可不可,55,是,,,,,,,,,,,,
418,男,31,職員,38500,已婚,中正區,騎車,其他,55,否,,,,,,,,,,,,
419,男,49,金融業,54500,已婚,松山區,騎車,清新福全,55,否,,,,,,,,,,,,
420,男,39,警察,45500,未婚,信義區,捷運,五桐號,55,否,,,,,,,,,,,,
421,男,22,職員,48500,已婚,士林區,開車,清新福全,35,是,,,,,,,,,,,,
422,女,32,職員,56000,已婚,中正區,公車,五桐號,55,是,,,,,,,,,,,,
423,女,27,業務,56000,未婚,士林區,騎車,珍煮丹,55,否,,,,,,,,,,,,
424,男,39,職員,56000,未婚,中山區,公車,五桐號,70,是,,,,,,,,,,,,
425,女,28,職員,45000,已婚,大同區,公車,龜記,60,否,,,,,,,,,,,,
426,男,36,學生,72000,已婚,松山區,捷運,50嵐,55,否,,,,,,,,,,,,
427,男,26,零售業,37500,未婚,信義區,捷運,萬波,60,否,,,,,,,,,,,,
428,男,34,職員,77500,未婚,北投區,騎車,天仁茗茶,60,是,,,,,,,,,,,,
429,男,46,工程師,54000,已婚,中山區,公車,約翰紅茶,35,否,,,,,,,,,,,,
430,女,31,職員,58500,未婚,文山區,開車,五桐號,55,否,,,,,,,,,,,,
431,男,26,職員,49000,未婚,士林區,捷運,約翰紅茶,65,否,,,,,,,,,,,,
432,女,22,傳統市場,59000,已婚,內湖區,捷運,珍煮丹,60,否,,,,,,,,,,,,
433,男,22,工程師,31500,未婚,中山區,捷運,五桐號,70,否,,,,,,,,,,,,
434,女,31,職員,68500,已婚,中山區,公車,50嵐,70,否,,,,,,,,,,,,
435,女,32,職員,38500,未婚,士林區,公車,約翰紅茶,70,是,,,,,,,,,,,,
436,男,46,服務業,44500,未婚,士林區,公車,可不可,70,否,,,,,,,,,,,,
437,女,32,金融業,76000,未婚,南港區,捷運,清新福全,50,否,,,,,,,,,,,,
438,女,48,職員,59000,已婚,松山區,公車,萬波,35,否,,,,,,,,,,,,
439,男,25,職員,73000,已婚,大同區,公車,春水堂,50,否,,,,,,,,,,,,
440,男,26,職員,72000,未婚,北投區,騎車,萬波,35,否,,,,,,,,,,,,
441,男,36,服務業,79500,未婚,文山區,騎車,五桐號,40,是,,,,,,,,,,,,
442,男,39,職員,59000,未婚,信義區,公車,其他,50,否,,,,,,,,,,,,
443,男,33,金融業,38000,未婚,中山區,開車,可不可,55,否,,,,,,,,,,,,
444,男,31,職員,61500,已婚,松山區,公車,約翰紅茶,45,是,,,,,,,,,,,,
445,男,23,職員,42500,未婚,士林區,捷運,萬波,40,是,,,,,,,,,,,,
446,男,27,傳統市場,32000,已婚,文山區,公車,CoCo都可,35,否,,,,,,,,,,,,
447,女,28,工程師,49000,已婚,大同區,騎車,龜記,40,否,,,,,,,,,,,,
448,男,44,職員,73500,已婚,士林區,公車,龜記,55,否,,,,,,,,,,,,
449,女,22,職員,45500,已婚,中山區,騎車,龜記,50,否,,,,,,,,,,,,
450,女,28,職員,67000,已婚,松山區,捷運,約翰紅茶,45,否,,,,,,,,,,,,
451,男,23,工程師,59000,已婚,南港區,捷運,50嵐,40,是,,,,,,,,,,,,
452,女,30,傳統市場,69000,未婚,南港區,騎車,CoCo都可,40,否,,,,,,,,,,,,
453,男,28,金融業,39000,未婚,南港區,公車,龜記,45,否,,,,,,,,,,,,
454,女,40,業務,53000,未婚,北投區,捷運,清新福全,35,否,,,,,,,,,,,,
455,男,29,職員,52500,未婚,大安區,捷運,50嵐,70,否,,,,,,,,,,,,
456,男,41,職員,76500,已婚,大同區,捷運,50嵐,35,否,,,,,,,,,,,,
457,男,35,服務業,65000,已婚,大安區,捷運,清新福全,40,是,,,,,,,,,,,,
458,女,20,職員,70500,已婚,南港區,捷運,約翰紅茶,65,否,,,,,,,,,,,,
459,女,46,零售業,34000,未婚,中正區,公車,CoCo都可,55,是,,,,,,,,,,,,
460,男,21,自由業,73000,已婚,萬華區,騎車,龜記,65,否,,,,,,,,,,,,
461,女,48,自由業,51000,未婚,信義區,騎車,約翰紅茶,50,否,,,,,,,,,,,,
462,女,32,金融業,63500,未婚,文山區,騎車,約翰紅茶,65,是,,,,,,,,,,,,
463,男,34,業務,79000,已婚,南港區,公車,其他,55,否,,,,,,,,,,,,
464,女,36,職員,49000,已婚,中正區,捷運,約翰紅茶,55,是,,,,,,,,,,,,
465,男,45,職員,51000,未婚,文山區,開車,春水堂,55,否,,,,,,,,,,,,
466,女,29,金融業,39000,已婚,南港區,騎車,CoCo都可,65,否,,,,,,,,,,,,
467,女,46,職員,63500,已婚,信義區,公車,清新福全,65,是,,,,,,,,,,,,
468,女,25,職員,74500,已婚,南港區,捷運,萬波,45,否,,,,,,,,,,,,
469,女,38,業務,36500,未婚,信義區,騎車,珍煮丹,35,否,,,,,,,,,,,,
470,男,33,傳統市場,34000,已婚,內湖區,騎車,約翰紅茶,40,是,,,,,,,,,,,,
471,男,31,職員,42500,已婚,文山區,騎車,珍煮丹,45,否,,,,,,,,,,,,
472,女,38,職員,34000,已婚,中山區,開車,50嵐,65,是,,,,,,,,,,,,
473,女,40,業務,78500,未婚,中山區,騎車,春水堂,70,否,,,,,,,,,,,,
474,男,47,學生,41000,未婚,中正區,捷運,可不可,55,否,,,,,,,,,,,,
475,女,41,傳統市場,49500,已婚,萬華區,捷運,龜記,60,是,,,,,,,,,,,,
476,男,29,職員,39500,已婚,大安區,捷運,約翰紅茶,45,否,,,,,,,,,,,,
477,女,24,工人,57500,已婚,大同區,騎車,萬波,55,是,,,,,,,,,,,,
478,男,39,警察,61500,已婚,松山區,騎車,天仁茗茶,55,否,,,,,,,,,,,,
479,男,35,業務,43000,已婚,內湖區,騎車,可不可,35,否,,,,,,,,,,,,
480,女,35,職員,47000,已婚,大同區,捷運,約翰紅茶,35,是,,,,,,,,,,,,
481,女,20,職員,56000,已婚,大安區,捷運,50嵐,70,否,,,,,,,,,,,,
482,女,26,金融業,42000,未婚,北投區,捷運,春水堂,70,否,,,,,,,,,,,,
483,男,23,工人,51000,已婚,北投區,捷運,50嵐,35,否,,,,,,,,,,,,
484,男,23,職員,31000,未婚,士林區,捷運,春水堂,65,是,,,,,,,,,,,,
485,男,27,服務業,66500,已婚,大同區,公車,天仁茗茶,35,是,,,,,,,,,,,,
486,女,30,職員,37500,未婚,士林區,捷運,春水堂,60,否,,,,,,,,,,,,
487,男,43,金融業,45000,已婚,信義區,開車,其他,50,否,,,,,,,,,,,,
488,女,27,職員,49000,已婚,大安區,騎車,可不可,65,否,,,,,,,,,,,,
489,女,47,傳統市場,47000,未婚,松山區,騎車,萬波,45,是,,,,,,,,,,,,
490,女,44,金融業,51500,已婚,北投區,公車,五桐號,55,否,,,,,,,,,,,,
491,女,41,零售業,48500,未婚,士林區,公車,可不可,55,否,,,,,,,,,,,,
492,男,20,職員,40000,已婚,文山區,捷運,春水堂,45,否,,,,,,,,,,,,
493,女,25,金融業,28000,未婚,大同區,騎車,可不可,45,否,,,,,,,,,,,,
494,女,45,職員,62500,已婚,大同區,公車,可不可,35,是,,,,,,,,,,,,
495,男,33,職員,42000,未婚,中山區,公車,其他,40,否,,,,,,,,,,,,
496,男,33,職員,47000,未婚,中山區,捷運,龜記,70,是,,,,,,,,,,,,
497,女,24,金融業,28500,未婚,中正區,騎車,龜記,70,否,,,,,,,,,,,,
498,男,20,工程師,49500,未婚,北投區,公車,龜記,40,否,,,,,,,,,,,,
499,女,22,職員,75500,已婚,萬華區,開車,五桐號,40,否,,,,,,,,,,,,
500,女,37,業務,31500,未婚,內湖區,捷運,珍煮丹,35,是,,,,,,,,,,,,
501,女,28,職員,79000,未婚,萬華區,騎車,珍煮丹,70,否,,,,,,,,,,,,
502,男,42,傳統市場,40000,已婚,南港區,騎車,清新福全,65,是,,,,,,,,,,,,
503,女,46,工人,60000,已婚,北投區,騎車,龜記,65,否,,,,,,,,,,,,
504,女,45,業務,47000,未婚,萬華區,捷運,五桐號,65,否,,,,,,,,,,,,
505,女,34,職員,62500,未婚,南港區,騎車,珍煮丹,45,是,,,,,,,,,,,,
506,男,45,金融業,70500,已婚,信義區,捷運,龜記,40,是,,,,,,,,,,,,
507,女,27,職員,31500,已婚,信義區,捷運,天仁茗茶,55,否,,,,,,,,,,,,
508,男,36,職員,56500,未婚,文山區,騎車,春水堂,60,是,,,,,,,,,,,,
509,女,29,服務業,79000,未婚,南港區,騎車,清新福全,40,否,,,,,,,,,,,,
510,女,36,醫生,48000,已婚,大同區,公車,天仁茗茶,70,否,,,,,,,,,,,,
511,女,22,金融業,50000,未婚,大同區,騎車,CoCo都可,50,否,,,,,,,,,,,,
512,男,49,職員,36500,已婚,信義區,捷運,天仁茗茶,45,是,,,,,,,,,,,,
513,女,29,自由業,45500,未婚,大同區,騎車,約翰紅茶,40,是,,,,,,,,,,,,
514,女,20,職員,73000,已婚,士林區,開車,春水堂,40,否,,,,,,,,,,,,
515,男,36,工程師,42500,已婚,文山區,公車,其他,60,否,,,,,,,,,,,,
516,男,45,職員,48000,未婚,南港區,捷運,春水堂,45,是,,,,,,,,,,,,
517,女,42,律師,43000,已婚,北投區,開車,萬波,45,是,,,,,,,,,,,,
518,男,40,金融業,46500,未婚,內湖區,捷運,50嵐,35,是,,,,,,,,,,,,
519,女,38,業務,67500,已婚,文山區,騎車,春水堂,65,否,,,,,,,,,,,,
520,女,33,業務,62000,已婚,士林區,捷運,萬波,60,否,,,,,,,,,,,,
521,男,29,自由業,61500,已婚,北投區,騎車,可不可,50,是,,,,,,,,,,,,
522,男,44,工人,44000,未婚,松山區,公車,可不可,70,否,,,,,,,,,,,,
523,男,34,學生,68500,已婚,文山區,騎車,50嵐,60,否,,,,,,,,,,,,
524,女,29,傳統市場,67000,未婚,士林區,公車,萬波,45,是,,,,,,,,,,,,
525,男,50,金融業,48500,已婚,南港區,騎車,龜記,65,是,,,,,,,,,,,,
526,女,24,職員,64500,未婚,內湖區,公車,春水堂,65,否,,,,,,,,,,,,
527,女,48,業務,66500,已婚,大同區,公車,五桐號,35,否,,,,,,,,,,,,
528,男,20,傳統市場,39000,已婚,中正區,開車,可不可,55,否,,,,,,,,,,,,
529,女,40,職員,52500,已婚,中山區,捷運,春水堂,55,否,,,,,,,,,,,,
530,男,28,金融業,49500,已婚,大同區,捷運,約翰紅茶,60,否,,,,,,,,,,,,
531,男,28,職員,40500,未婚,信義區,捷運,約翰紅茶,55,是,,,,,,,,,,,,
532,男,31,工程師,63500,已婚,中山區,捷運,萬波,40,否,,,,,,,,,,,,
533,男,24,金融業,29500,未婚,士林區,捷運,清新福全,35,是,,,,,,,,,,,,
534,男,26,工人,34500,未婚,北投區,騎車,龜記,60,否,,,,,,,,,,,,
535,女,34,職員,69500,已婚,大安區,捷運,天仁茗茶,60,是,,,,,,,,,,,,
536,女,25,職員,59500,未婚,信義區,騎車,春水堂,45,是,,,,,,,,,,,,
537,女,24,工程師,41500,未婚,大同區,捷運,可不可,40,是,,,,,,,,,,,,
538,女,26,職員,78000,已婚,大安區,開車,龜記,55,否,,,,,,,,,,,,
539,男,28,職員,59000,未婚,大同區,公車,五桐號,50,否,,,,,,,,,,,,
540,男,20,職員,56500,已婚,文山區,騎車,萬波,70,否,,,,,,,,,,,,
541,男,47,職員,53500,已婚,中正區,騎車,珍煮丹,65,是,,,,,,,,,,,,
542,女,45,工程師,45500,未婚,大安區,公車,龜記,50,是,,,,,,,,,,,,
543,女,43,工人,79500,未婚,文山區,公車,天仁茗茶,45,否,,,,,,,,,,,,
544,男,39,職員,45500,已婚,萬華區,捷運,其他,60,否,,,,,,,,,,,,
545,男,36,職員,71500,已婚,內湖區,公車,春水堂,50,否,,,,,,,,,,,,
546,男,39,職員,58500,未婚,大安區,騎車,CoCo都可,45,否,,,,,,,,,,,,
547,男,40,金融業,33500,未婚,萬華區,公車,龜記,40,是,,,,,,,,,,,,
548,女,48,業務,44000,已婚,內湖區,公車,約翰紅茶,55,是,,,,,,,,,,,,
549,女,47,職員,34500,已婚,大安區,捷運,其他,40,是,,,,,,,,,,,,
550,女,35,工程師,73500,已婚,中正區,騎車,龜記,40,否,,,,,,,,,,,,
551,男,37,職員,43000,已婚,信義區,捷運,天仁茗茶,60,否,,,,,,,,,,,,
552,女,27,服務業,44000,已婚,內湖區,騎車,天仁茗茶,45,是,,,,,,,,,,,,
553,男,25,職員,49500,已婚,南港區,捷運,天仁茗茶,50,是,,,,,,,,,,,,
554,女,21,職員,71500,已婚,中正區,公車,天仁茗茶,60,否,,,,,,,,,,,,
555,女,27,職員,64000,已婚,士林區,公車,50嵐,70,否,,,,,,,,,,,,
556,女,27,職員,36000,未婚,中正區,捷運,約翰紅茶,45,是,,,,,,,,,,,,
557,男,25,零售業,69500,未婚,大同區,騎車,約翰紅茶,50,否,,,,,,,,,,,,
558,女,43,職員,55500,已婚,信義區,公車,五桐號,45,是,,,,,,,,,,,,
559,女,32,職員,78000,已婚,信義區,騎車,春水堂,70,否,,,,,,,,,,,,
560,男,43,自由業,79500,已婚,信義區,捷運,清新福全,55,是,,,,,,,,,,,,
561,女,20,金融業,77000,已婚,士林區,捷運,萬波,35,否,,,,,,,,,,,,
562,女,43,職員,32500,未婚,大安區,騎車,龜記,50,是,,,,,,,,,,,,
563,男,30,學生,34000,未婚,大同區,捷運,萬波,50,是,,,,,,,,,,,,
564,男,30,職員,44500,已婚,萬華區,公車,春水堂,50,是,,,,,,,,,,,,
565,女,22,自由業,50000,已婚,大安區,公車,天仁茗茶,60,是,,,,,,,,,,,,
566,男,25,自由業,54500,已婚,信義區,捷運,龜記,45,否,,,,,,,,,,,,
567,女,36,金融業,47500,已婚,信義區,騎車,龜記,65,是,,,,,,,,,,,,
568,女,46,職員,62500,已婚,北投區,捷運,其他,40,是,,,,,,,,,,,,
569,男,39,工程師,56000,未婚,中正區,捷運,可不可,45,是,,,,,,,,,,,,
570,男,21,律師,49000,未婚,大同區,捷運,萬波,60,否,,,,,,,,,,,,
571,男,37,職員,42000,已婚,萬華區,捷運,50嵐,50,是,,,,,,,,,,,,
572,男,35,職員,74500,未婚,松山區,騎車,清新福全,50,是,,,,,,,,,,,,
573,女,41,業務,33000,未婚,信義區,公車,可不可,60,否,,,,,,,,,,,,
574,男,28,職員,34000,未婚,信義區,騎車,春水堂,45,是,,,,,,,,,,,,
575,男,36,業務,75000,未婚,大同區,捷運,五桐號,70,否,,,,,,,,,,,,
576,男,20,教師,80000,未婚,大同區,捷運,約翰紅茶,70,否,,,,,,,,,,,,
577,男,27,業務,57000,未婚,內湖區,騎車,清新福全,50,否,,,,,,,,,,,,
578,男,33,學生,77000,已婚,北投區,捷運,CoCo都可,45,否,,,,,,,,,,,,
579,男,24,職員,59500,未婚,萬華區,捷運,清新福全,35,否,,,,,,,,,,,,
580,女,25,服務業,59500,已婚,大安區,騎車,可不可,65,否,,,,,,,,,,,,
581,男,25,職員,60000,已婚,松山區,捷運,五桐號,40,否,,,,,,,,,,,,
582,男,34,傳統市場,57500,已婚,內湖區,捷運,春水堂,65,否,,,,,,,,,,,,
583,女,46,傳統市場,57500,已婚,松山區,騎車,約翰紅茶,55,否,,,,,,,,,,,,
584,男,48,金融業,76500,未婚,內湖區,騎車,天仁茗茶,60,是,,,,,,,,,,,,
585,女,44,業務,45000,未婚,內湖區,公車,萬波,50,否,,,,,,,,,,,,
586,男,40,工人,41500,未婚,信義區,騎車,CoCo都可,55,否,,,,,,,,,,,,
587,女,35,職員,65000,已婚,信義區,騎車,五桐號,40,是,,,,,,,,,,,,
588,女,29,業務,51000,已婚,信義區,開車,約翰紅茶,70,否,,,,,,,,,,,,
589,女,39,零售業,46500,已婚,中山區,公車,春水堂,45,否,,,,,,,,,,,,
590,女,34,職員,30500,未婚,大同區,捷運,龜記,40,是,,,,,,,,,,,,
591,女,50,職員,75500,已婚,北投區,公車,天仁茗茶,35,否,,,,,,,,,,,,
592,男,44,金融業,35000,未婚,信義區,捷運,清新福全,55,否,,,,,,,,,,,,
593,男,29,職員,43500,已婚,中正區,捷運,春水堂,50,否,,,,,,,,,,,,
594,女,39,業務,39500,未婚,中山區,騎車,龜記,45,是,,,,,,,,,,,,
595,男,39,服務業,61000,已婚,士林區,騎車,珍煮丹,50,否,,,,,,,,,,,,
596,女,37,教師,39500,已婚,大安區,公車,天仁茗茶,60,是,,,,,,,,,,,,
597,女,27,業務,58000,未婚,北投區,騎車,珍煮丹,35,是,,,,,,,,,,,,
598,男,48,自由業,72500,已婚,士林區,捷運,可不可,50,是,,,,,,,,,,,,
599,女,44,金融業,58500,已婚,內湖區,公車,龜記,40,否,,,,,,,,,,,,
600,女,27,工人,49000,未婚,北投區,騎車,CoCo都可,45,是,,,,,,,,,,,,
601,男,32,職員,35500,已婚,信義區,騎車,CoCo都可,65,是,,,,,,,,,,,,
602,女,34,職員,59500,已婚,萬華區,騎車,五桐號,40,否,,,,,,,,,,,,
603,男,36,工程師,79000,未婚,大同區,捷運,清新福全,60,是,,,,,,,,,,,,
604,男,21,職員,44500,已婚,內湖區,公車,春水堂,35,否,,,,,,,,,,,,
605,女,36,傳統市場,80000,未婚,文山區,捷運,清新福全,35,是,,,,,,,,,,,,
606,男,22,工程師,30000,未婚,南港區,公車,萬波,70,否,,,,,,,,,,,,
607,女,30,自由業,42500,已婚,北投區,捷運,清新福全,35,否,,,,,,,,,,,,
608,女,32,職員,49500,未婚,北投區,捷運,春水堂,70,是,,,,,,,,,,,,
609,男,20,職員,63500,未婚,北投區,騎車,可不可,45,是,,,,,,,,,,,,
610,男,20,職員,29500,已婚,大同區,騎車,龜記,50,否,,,,,,,,,,,,
611,女,38,職員,42500,未婚,北投區,騎車,CoCo都可,60,否,,,,,,,,,,,,
612,男,31,自由業,59000,未婚,士林區,捷運,春水堂,35,否,,,,,,,,,,,,
613,女,21,業務,64000,未婚,內湖區,騎車,可不可,65,是,,,,,,,,,,,,
614,男,43,職員,64500,已婚,信義區,捷運,清新福全,70,是,,,,,,,,,,,,
615,女,20,工程師,78000,未婚,內湖區,騎車,春水堂,40,否,,,,,,,,,,,,
616,男,40,職員,41500,未婚,中正區,捷運,其他,50,否,,,,,,,,,,,,
617,男,39,職員,28000,未婚,北投區,騎車,萬波,70,否,,,,,,,,,,,,
618,女,20,零售業,36000,已婚,松山區,騎車,龜記,45,是,,,,,,,,,,,,
619,男,38,傳統市場,38500,已婚,內湖區,騎車,五桐號,55,是,,,,,,,,,,,,
620,女,30,職員,61000,已婚,南港區,騎車,清新福全,70,否,,,,,,,,,,,,
621,女,29,職員,33500,已婚,文山區,騎車,萬波,60,否,,,,,,,,,,,,
622,男,26,金融業,46000,未婚,中山區,捷運,五桐號,45,是,,,,,,,,,,,,
623,女,48,服務業,67000,已婚,士林區,騎車,天仁茗茶,60,否,,,,,,,,,,,,
624,男,41,醫生,55000,未婚,內湖區,騎車,珍煮丹,35,否,,,,,,,,,,,,
625,女,22,教師,42000,已婚,南港區,公車,春水堂,35,否,,,,,,,,,,,,
626,女,27,職員,63000,已婚,南港區,捷運,龜記,55,否,,,,,,,,,,,,
627,女,34,工人,75500,未婚,內湖區,公車,50嵐,65,是,,,,,,,,,,,,
628,女,37,工程師,30000,未婚,內湖區,公車,50嵐,70,否,,,,,,,,,,,,
629,女,45,金融業,65500,未婚,信義區,開車,萬波,55,否,,,,,,,,,,,,
630,女,35,律師,62000,已婚,信義區,騎車,約翰紅茶,35,是,,,,,,,,,,,,
631,男,29,職員,39500,已婚,萬華區,捷運,五桐號,70,否,,,,,,,,,,,,
632,男,46,工程師,76500,未婚,中山區,公車,50嵐,40,否,,,,,,,,,,,,
633,女,39,職員,51500,未婚,士林區,捷運,龜記,35,否,,,,,,,,,,,,
634,女,25,工程師,59500,已婚,內湖區,公車,CoCo都可,40,否,,,,,,,,,,,,
635,女,24,職員,78000,未婚,信義區,騎車,約翰紅茶,35,否,,,,,,,,,,,,
636,男,36,金融業,57000,未婚,大安區,騎車,可不可,65,是,,,,,,,,,,,,
637,女,49,職員,73000,未婚,萬華區,公車,50嵐,35,否,,,,,,,,,,,,
638,男,33,職員,70000,已婚,松山區,騎車,約翰紅茶,45,否,,,,,,,,,,,,
639,女,34,律師,72500,已婚,南港區,公車,其他,35,否,,,,,,,,,,,,
640,女,45,工程師,48500,已婚,內湖區,公車,春水堂,40,否,,,,,,,,,,,,
641,女,32,職員,57000,未婚,大同區,公車,CoCo都可,60,否,,,,,,,,,,,,
642,女,27,自由業,40000,已婚,松山區,捷運,其他,55,是,,,,,,,,,,,,
643,女,43,職員,78000,未婚,松山區,開車,春水堂,65,是,,,,,,,,,,,,
644,女,26,職員,60000,已婚,文山區,捷運,CoCo都可,70,是,,,,,,,,,,,,
645,男,45,職員,36500,未婚,大安區,公車,天仁茗茶,35,是,,,,,,,,,,,,
646,女,22,工程師,37000,未婚,士林區,騎車,天仁茗茶,60,是,,,,,,,,,,,,
647,女,21,工人,35000,已婚,中山區,騎車,清新福全,50,否,,,,,,,,,,,,
648,女,50,傳統市場,68500,已婚,萬華區,公車,龜記,50,否,,,,,,,,,,,,
649,男,31,金融業,40500,已婚,文山區,公車,珍煮丹,70,是,,,,,,,,,,,,
650,男,48,學生,45000,已婚,北投區,騎車,約翰紅茶,70,否,,,,,,,,,,,,
651,女,23,傳統市場,44500,已婚,士林區,騎車,春水堂,65,是,,,,,,,,,,,,
652,女,22,業務,48000,已婚,大安區,騎車,龜記,65,是,,,,,,,,,,,,
653,男,44,職員,53000,未婚,信義區,公車,約翰紅茶,50,否,,,,,,,,,,,,
654,男,28,職員,51500,已婚,大安區,騎車,約翰紅茶,40,否,,,,,,,,,,,,
655,男,50,職員,79000,未婚,萬華區,公車,天仁茗茶,35,是,,,,,,,,,,,,
656,女,32,醫生,43500,已婚,南港區,公車,CoCo都可,45,否,,,,,,,,,,,,
657,男,27,學生,56000,已婚,南港區,公車,春水堂,60,是,,,,,,,,,,,,
658,女,37,工人,44500,未婚,內湖區,公車,春水堂,55,否,,,,,,,,,,,,
659,女,29,教師,67500,已婚,士林區,公車,龜記,50,否,,,,,,,,,,,,
660,女,31,職員,63500,已婚,松山區,捷運,萬波,70,是,,,,,,,,,,,,
661,女,38,業務,43000,已婚,大同區,公車,珍煮丹,65,否,,,,,,,,,,,,
662,男,43,教師,48000,已婚,中正區,公車,珍煮丹,60,否,,,,,,,,,,,,
663,女,42,業務,30500,未婚,中正區,騎車,萬波,65,否,,,,,,,,,,,,
664,女,23,業務,42500,已婚,南港區,公車,珍煮丹,35,是,,,,,,,,,,,,
665,男,42,自由業,58500,未婚,萬華區,騎車,天仁茗茶,40,否,,,,,,,,,,,,
666,男,40,職員,42000,已婚,北投區,公車,CoCo都可,35,是,,,,,,,,,,,,
667,男,37,職員,34500,已婚,大同區,公車,約翰紅茶,40,否,,,,,,,,,,,,
668,男,49,職員,36500,已婚,萬華區,公車,天仁茗茶,55,是,,,,,,,,,,,,
669,男,42,服務業,55000,未婚,文山區,捷運,清新福全,45,否,,,,,,,,,,,,
670,男,24,服務業,29500,未婚,大安區,騎車,萬波,40,否,,,,,,,,,,,,
671,男,48,自由業,55000,未婚,松山區,公車,五桐號,35,否,,,,,,,,,,,,
672,女,34,自由業,64500,已婚,士林區,捷運,春水堂,60,是,,,,,,,,,,,,
673,男,39,傳統市場,51500,未婚,大安區,捷運,春水堂,35,是,,,,,,,,,,,,
674,女,21,職員,65000,未婚,北投區,捷運,清新福全,65,否,,,,,,,,,,,,
675,男,45,學生,28000,已婚,大安區,騎車,其他,70,否,,,,,,,,,,,,
676,男,26,自由業,29500,未婚,內湖區,捷運,珍煮丹,40,否,,,,,,,,,,,,
677,男,32,傳統市場,39000,已婚,文山區,公車,萬波,50,是,,,,,,,,,,,,
678,男,26,零售業,36000,已婚,南港區,騎車,春水堂,55,是,,,,,,,,,,,,
679,女,46,職員,46500,已婚,松山區,騎車,約翰紅茶,70,否,,,,,,,,,,,,
680,女,30,教師,40000,已婚,松山區,開車,龜記,35,否,,,,,,,,,,,,
681,女,46,學生,33500,已婚,信義區,公車,清新福全,45,是,,,,,,,,,,,,
682,女,23,工人,39000,未婚,內湖區,騎車,CoCo都可,65,是,,,,,,,,,,,,
683,男,40,職員,63500,未婚,士林區,公車,天仁茗茶,50,否,,,,,,,,,,,,
684,女,38,傳統市場,48500,已婚,松山區,捷運,天仁茗茶,70,是,,,,,,,,,,,,
685,女,37,工程師,55000,已婚,士林區,捷運,春水堂,50,是,,,,,,,,,,,,
686,男,25,工人,60500,已婚,大安區,公車,50嵐,55,否,,,,,,,,,,,,
687,男,23,教師,50000,已婚,信義區,騎車,五桐號,70,否,,,,,,,,,,,,
688,男,41,傳統市場,44000,已婚,士林區,捷運,清新福全,55,否,,,,,,,,,,,,
689,女,24,金融業,47500,已婚,內湖區,捷運,清新福全,45,否,,,,,,,,,,,,
690,男,42,職員,72000,已婚,信義區,公車,清新福全,40,否,,,,,,,,,,,,
691,女,30,職員,30000,已婚,文山區,捷運,天仁茗茶,55,否,,,,,,,,,,,,
692,女,44,學生,38500,已婚,中山區,公車,珍煮丹,65,否,,,,,,,,,,,,
693,女,31,職員,62000,已婚,信義區,公車,50嵐,50,是,,,,,,,,,,,,
694,女,23,服務業,36500,未婚,信義區,騎車,其他,65,否,,,,,,,,,,,,
695,男,42,自由業,67000,未婚,大安區,開車,天仁茗茶,35,否,,,,,,,,,,,,
696,女,29,業務,69500,未婚,士林區,捷運,春水堂,65,否,,,,,,,,,,,,
697,女,42,金融業,60500,已婚,北投區,騎車,天仁茗茶,40,否,,,,,,,,,,,,
698,女,42,工人,65500,未婚,南港區,捷運,清新福全,65,否,,,,,,,,,,,,
699,女,46,職員,78000,未婚,萬華區,開車,萬波,35,是,,,,,,,,,,,,
700,女,46,業務,41000,未婚,大安區,捷運,清新福全,55,是,,,,,,,,,,,,
701,男,48,職員,71500,已婚,中山區,騎車,珍煮丹,35,是,,,,,,,,,,,,
702,男,35,零售業,54000,未婚,大安區,騎車,春水堂,70,是,,,,,,,,,,,,
703,男,50,學生,37500,已婚,大安區,捷運,五桐號,55,否,,,,,,,,,,,,
704,男,28,職員,41000,已婚,信義區,公車,其他,55,否,,,,,,,,,,,,
705,男,36,職員,30000,已婚,士林區,公車,龜記,70,否,,,,,,,,,,,,
706,男,47,職員,30000,已婚,信義區,開車,可不可,55,是,,,,,,,,,,,,
707,男,31,工人,65000,已婚,中山區,騎車,可不可,45,是,,,,,,,,,,,,
708,男,32,業務,30000,已婚,士林區,公車,五桐號,50,是,,,,,,,,,,,,
709,男,28,職員,74500,已婚,北投區,公車,其他,65,是,,,,,,,,,,,,
710,女,27,業務,65000,未婚,士林區,騎車,五桐號,70,是,,,,,,,,,,,,
711,女,26,職員,73500,已婚,大安區,騎車,萬波,35,是,,,,,,,,,,,,
712,女,40,學生,71000,未婚,內湖區,騎車,珍煮丹,50,是,,,,,,,,,,,,
713,男,41,職員,32500,已婚,松山區,捷運,珍煮丹,35,否,,,,,,,,,,,,
714,男,47,職員,69500,未婚,中山區,公車,約翰紅茶,60,否,,,,,,,,,,,,
715,女,21,零售業,49000,未婚,內湖區,開車,天仁茗茶,50,否,,,,,,,,,,,,
716,女,38,教師,45000,未婚,大同區,捷運,五桐號,40,否,,,,,,,,,,,,
717,男,30,職員,56500,未婚,北投區,捷運,珍煮丹,40,是,,,,,,,,,,,,
718,男,31,工程師,29500,未婚,內湖區,公車,春水堂,40,否,,,,,,,,,,,,
719,男,39,職員,56500,已婚,松山區,捷運,50嵐,60,否,,,,,,,,,,,,
720,男,28,警察,61000,已婚,文山區,開車,五桐號,55,是,,,,,,,,,,,,
721,男,20,金融業,35500,未婚,南港區,捷運,CoCo都可,70,是,,,,,,,,,,,,
722,男,37,職員,36500,未婚,士林區,騎車,春水堂,50,是,,,,,,,,,,,,
723,男,45,業務,46500,已婚,文山區,騎車,萬波,65,否,,,,,,,,,,,,
724,女,43,金融業,54000,未婚,南港區,公車,珍煮丹,55,否,,,,,,,,,,,,
725,男,49,律師,54000,未婚,南港區,騎車,50嵐,70,否,,,,,,,,,,,,
726,女,20,職員,51000,已婚,萬華區,公車,清新福全,45,否,,,,,,,,,,,,
727,女,31,工程師,60000,未婚,士林區,捷運,春水堂,70,否,,,,,,,,,,,,
728,男,36,職員,51500,已婚,大同區,騎車,CoCo都可,70,否,,,,,,,,,,,,
729,女,22,職員,52000,未婚,大同區,騎車,可不可,60,否,,,,,,,,,,,,
730,女,21,服務業,36000,已婚,士林區,騎車,其他,50,是,,,,,,,,,,,,
731,男,43,金融業,71000,已婚,大同區,捷運,50嵐,60,否,,,,,,,,,,,,
732,男,38,職員,69500,未婚,南港區,捷運,萬波,40,否,,,,,,,,,,,,
733,女,33,工人,32000,未婚,中山區,捷運,清新福全,50,否,,,,,,,,,,,,
734,男,25,教師,68500,未婚,中山區,騎車,五桐號,60,否,,,,,,,,,,,,
735,男,45,工程師,58000,未婚,士林區,捷運,可不可,55,是,,,,,,,,,,,,
736,男,27,律師,32000,已婚,信義區,捷運,天仁茗茶,55,是,,,,,,,,,,,,
737,女,20,學生,32500,已婚,大安區,騎車,珍煮丹,40,否,,,,,,,,,,,,
738,女,22,警察,34000,已婚,南港區,公車,50嵐,40,否,,,,,,,,,,,,
739,女,41,警察,32000,已婚,中正區,開車,其他,40,否,,,,,,,,,,,,
740,男,45,職員,52500,未婚,士林區,開車,龜記,65,是,,,,,,,,,,,,
741,男,34,工程師,44500,已婚,大同區,捷運,約翰紅茶,35,否,,,,,,,,,,,,
742,男,21,職員,46000,已婚,文山區,捷運,清新福全,60,否,,,,,,,,,,,,
743,男,20,傳統市場,51000,已婚,中山區,開車,其他,70,是,,,,,,,,,,,,
744,男,40,職員,28500,已婚,大同區,騎車,珍煮丹,60,是,,,,,,,,,,,,
745,男,32,職員,55000,未婚,南港區,捷運,五桐號,55,是,,,,,,,,,,,,
746,女,47,業務,53500,已婚,信義區,騎車,天仁茗茶,55,是,,,,,,,,,,,,
747,男,44,金融業,69000,未婚,士林區,公車,50嵐,70,否,,,,,,,,,,,,
748,男,39,職員,78500,已婚,大同區,公車,天仁茗茶,50,是,,,,,,,,,,,,
749,女,44,學生,42000,已婚,文山區,公車,其他,70,否,,,,,,,,,,,,
750,男,45,職員,31000,已婚,士林區,公車,萬波,50,否,,,,,,,,,,,,
751,男,33,金融業,43500,已婚,中山區,騎車,可不可,35,是,,,,,,,,,,,,
752,女,22,職員,28500,未婚,大安區,公車,50嵐,70,是,,,,,,,,,,,,
753,女,23,職員,40500,已婚,松山區,捷運,可不可,60,否,,,,,,,,,,,,
754,女,40,職員,44500,未婚,南港區,騎車,CoCo都可,35,否,,,,,,,,,,,,
755,男,29,自由業,30000,未婚,松山區,騎車,龜記,50,否,,,,,,,,,,,,
756,女,20,零售業,64000,未婚,中山區,騎車,天仁茗茶,35,否,,,,,,,,,,,,
757,男,28,金融業,69000,未婚,文山區,騎車,其他,45,否,,,,,,,,,,,,
758,女,26,職員,33000,未婚,中山區,騎車,約翰紅茶,65,否,,,,,,,,,,,,
759,女,44,零售業,65500,已婚,北投區,捷運,其他,40,否,,,,,,,,,,,,
760,男,27,職員,56500,已婚,北投區,騎車,天仁茗茶,40,否,,,,,,,,,,,,
761,男,29,金融業,54500,未婚,大安區,捷運,春水堂,65,否,,,,,,,,,,,,
762,男,35,職員,49500,已婚,士林區,公車,天仁茗茶,40,否,,,,,,,,,,,,
763,女,47,醫生,40500,未婚,南港區,公車,珍煮丹,60,是,,,,,,,,,,,,
764,男,31,工人,30000,未婚,中山區,騎車,約翰紅茶,55,否,,,,,,,,,,,,
765,男,20,警察,77000,未婚,中山區,公車,天仁茗茶,60,否,,,,,,,,,,,,
766,女,27,職員,50000,未婚,北投區,騎車,萬波,65,否,,,,,,,,,,,,
767,男,28,工人,31500,已婚,北投區,捷運,約翰紅茶,45,否,,,,,,,,,,,,
768,女,20,職員,29500,已婚,萬華區,公車,CoCo都可,45,否,,,,,,,,,,,,
769,女,30,傳統市場,39000,已婚,士林區,騎車,萬波,45,是,,,,,,,,,,,,
770,女,45,傳統市場,61000,未婚,士林區,捷運,CoCo都可,55,否,,,,,,,,,,,,
771,男,22,學生,45500,未婚,大同區,公車,龜記,45,是,,,,,,,,,,,,
772,女,38,零售業,76000,未婚,北投區,騎車,清新福全,60,否,,,,,,,,,,,,
773,女,43,律師,36000,未婚,萬華區,捷運,可不可,35,是,,,,,,,,,,,,
774,女,20,金融業,48500,未婚,中山區,公車,萬波,70,否,,,,,,,,,,,,
775,男,35,職員,59500,已婚,大安區,開車,50嵐,50,否,,,,,,,,,,,,
776,男,32,職員,29000,已婚,士林區,騎車,珍煮丹,50,否,,,,,,,,,,,,
777,女,42,職員,58000,已婚,信義區,公車,CoCo都可,45,否,,,,,,,,,,,,
778,男,23,工程師,59500,未婚,中山區,騎車,春水堂,35,否,,,,,,,,,,,,
779,男,47,職員,37000,未婚,松山區,捷運,龜記,70,否,,,,,,,,,,,,
780,男,43,業務,70000,已婚,松山區,騎車,春水堂,70,是,,,,,,,,,,,,
781,女,49,業務,71500,未婚,文山區,騎車,可不可,60,是,,,,,,,,,,,,
782,男,43,傳統市場,64000,未婚,內湖區,公車,清新福全,45,是,,,,,,,,,,,,
783,女,35,業務,39000,未婚,萬華區,公車,可不可,65,否,,,,,,,,,,,,
784,女,30,金融業,66000,已婚,大同區,捷運,50嵐,35,否,,,,,,,,,,,,
785,女,26,金融業,51000,已婚,中正區,公車,珍煮丹,55,是,,,,,,,,,,,,
786,男,23,工程師,38000,未婚,萬華區,公車,CoCo都可,35,否,,,,,,,,,,,,
787,男,35,學生,79500,已婚,士林區,騎車,其他,65,否,,,,,,,,,,,,
788,男,45,金融業,51500,未婚,大同區,捷運,天仁茗茶,70,是,,,,,,,,,,,,
789,女,21,工程師,69500,已婚,信義區,騎車,清新福全,45,否,,,,,,,,,,,,
790,男,43,職員,79500,已婚,內湖區,公車,珍煮丹,60,是,,,,,,,,,,,,
791,男,23,職員,52500,未婚,北投區,公車,天仁茗茶,50,否,,,,,,,,,,,,
792,女,41,業務,73500,未婚,內湖區,捷運,春水堂,50,否,,,,,,,,,,,,
793,女,25,金融業,59500,未婚,南港區,騎車,珍煮丹,40,否,,,,,,,,,,,,
794,男,32,職員,43000,已婚,中正區,騎車,可不可,70,是,,,,,,,,,,,,
795,男,45,工程師,31500,已婚,南港區,捷運,CoCo都可,50,否,,,,,,,,,,,,
796,女,22,工程師,40000,已婚,中正區,捷運,約翰紅茶,50,否,,,,,,,,,,,,
797,男,24,職員,29500,已婚,南港區,公車,其他,35,否,,,,,,,,,,,,
798,男,20,自由業,38000,未婚,北投區,捷運,龜記,35,是,,,,,,,,,,,,
799,女,35,金融業,33500,已婚,中山區,捷運,CoCo都可,70,是,,,,,,,,,,,,
800,男,33,職員,59500,未婚,松山區,公車,天仁茗茶,35,否,,,,,,,,,,,,
801,男,39,服務業,76500,已婚,文山區,開車,CoCo都可,70,是,,,,,,,,,,,,
802,男,37,傳統市場,65000,未婚,松山區,公車,龜記,40,否,,,,,,,,,,,,
803,女,26,職員,58000,未婚,大安區,公車,50嵐,45,否,,,,,,,,,,,,
804,女,31,業務,72000,未婚,大安區,騎車,龜記,40,是,,,,,,,,,,,,
805,男,37,學生,67000,未婚,大安區,捷運,五桐號,65,是,,,,,,,,,,,,
806,女,48,職員,31000,已婚,萬華區,捷運,天仁茗茶,40,否,,,,,,,,,,,,
807,女,27,業務,31000,已婚,士林區,騎車,萬波,50,是,,,,,,,,,,,,
808,女,44,職員,52500,已婚,士林區,捷運,天仁茗茶,40,是,,,,,,,,,,,,
809,女,27,職員,48000,未婚,松山區,公車,CoCo都可,45,是,,,,,,,,,,,,
810,女,26,律師,33500,已婚,文山區,騎車,清新福全,35,是,,,,,,,,,,,,
811,女,35,職員,48500,已婚,信義區,騎車,五桐號,60,否,,,,,,,,,,,,
812,男,30,職員,46000,已婚,中正區,捷運,龜記,35,否,,,,,,,,,,,,
813,女,34,業務,63500,已婚,大安區,公車,珍煮丹,45,否,,,,,,,,,,,,
814,女,30,零售業,75000,未婚,大安區,捷運,可不可,45,否,,,,,,,,,,,,
815,男,26,職員,37000,已婚,文山區,捷運,龜記,45,否,,,,,,,,,,,,
816,女,29,金融業,44000,未婚,松山區,騎車,龜記,60,否,,,,,,,,,,,,
817,女,31,職員,68500,已婚,松山區,騎車,萬波,70,否,,,,,,,,,,,,
818,男,37,職員,77500,已婚,萬華區,騎車,珍煮丹,70,否,,,,,,,,,,,,
819,男,46,自由業,69500,已婚,松山區,騎車,龜記,35,否,,,,,,,,,,,,
820,女,47,傳統市場,58000,已婚,松山區,公車,五桐號,35,否,,,,,,,,,,,,
821,女,46,業務,55000,未婚,中山區,公車,春水堂,40,是,,,,,,,,,,,,
822,男,30,業務,39500,未婚,南港區,開車,珍煮丹,65,是,,,,,,,,,,,,
823,男,23,職員,55500,未婚,文山區,騎車,50嵐,50,是,,,,,,,,,,,,
824,男,24,金融業,51500,未婚,內湖區,捷運,CoCo都可,45,是,,,,,,,,,,,,
825,女,30,職員,52000,未婚,萬華區,捷運,CoCo都可,60,否,,,,,,,,,,,,
826,女,47,學生,64000,已婚,士林區,捷運,可不可,50,是,,,,,,,,,,,,
827,女,39,學生,30500,已婚,大安區,騎車,CoCo都可,40,否,,,,,,,,,,,,
828,男,25,業務,46000,已婚,信義區,捷運,可不可,40,否,,,,,,,,,,,,
829,男,24,教師,40000,已婚,松山區,捷運,春水堂,60,是,,,,,,,,,,,,
830,女,49,工人,30500,未婚,中山區,公車,CoCo都可,35,是,,,,,,,,,,,,
831,女,36,學生,51500,未婚,大安區,騎車,萬波,65,是,,,,,,,,,,,,
832,女,49,金融業,61000,已婚,大同區,捷運,天仁茗茶,50,是,,,,,,,,,,,,
833,女,34,工程師,67500,未婚,松山區,捷運,約翰紅茶,70,是,,,,,,,,,,,,
834,女,23,服務業,63500,已婚,松山區,騎車,龜記,60,否,,,,,,,,,,,,
835,女,24,職員,49000,未婚,中正區,捷運,清新福全,60,否,,,,,,,,,,,,
836,女,34,職員,80000,已婚,信義區,捷運,天仁茗茶,45,否,,,,,,,,,,,,
837,男,46,職員,43500,未婚,大同區,捷運,春水堂,40,是,,,,,,,,,,,,
838,女,32,金融業,42500,未婚,內湖區,捷運,五桐號,35,是,,,,,,,,,,,,
839,男,46,職員,75500,未婚,大安區,公車,清新福全,70,否,,,,,,,,,,,,
840,女,35,職員,71500,已婚,大同區,騎車,天仁茗茶,35,否,,,,,,,,,,,,
841,女,45,職員,58000,已婚,松山區,騎車,五桐號,70,否,,,,,,,,,,,,
842,男,24,職員,68500,已婚,信義區,騎車,可不可,40,是,,,,,,,,,,,,
843,女,36,傳統市場,60000,已婚,松山區,捷運,50嵐,55,否,,,,,,,,,,,,
844,女,25,業務,41000,未婚,北投區,騎車,50嵐,60,否,,,,,,,,,,,,
845,男,48,職員,55500,已婚,大安區,捷運,五桐號,45,否,,,,,,,,,,,,
846,男,40,工程師,35500,未婚,大同區,公車,CoCo都可,45,是,,,,,,,,,,,,
847,女,26,零售業,44000,已婚,北投區,捷運,可不可,70,否,,,,,,,,,,,,
848,男,22,律師,34500,未婚,北投區,騎車,珍煮丹,65,是,,,,,,,,,,,,
849,男,49,工程師,46500,已婚,萬華區,騎車,春水堂,35,否,,,,,,,,,,,,
850,女,45,工程師,46000,未婚,內湖區,捷運,清新福全,45,是,,,,,,,,,,,,
851,男,32,傳統市場,52000,未婚,萬華區,捷運,其他,35,是,,,,,,,,,,,,
852,女,22,職員,37000,未婚,大安區,騎車,可不可,70,否,,,,,,,,,,,,
853,女,23,職員,63000,已婚,松山區,騎車,萬波,35,否,,,,,,,,,,,,
854,男,25,職員,28500,已婚,萬華區,公車,清新福全,40,是,,,,,,,,,,,,
855,女,29,工程師,74000,未婚,松山區,捷運,萬波,35,否,,,,,,,,,,,,
856,女,28,業務,28000,未婚,大安區,捷運,春水堂,40,是,,,,,,,,,,,,
857,女,22,職員,63000,已婚,南港區,騎車,可不可,45,否,,,,,,,,,,,,
858,女,31,職員,66000,已婚,大同區,公車,五桐號,45,否,,,,,,,,,,,,
859,女,38,金融業,69500,未婚,文山區,公車,清新福全,40,是,,,,,,,,,,,,
860,男,29,工人,55500,已婚,中山區,騎車,龜記,65,是,,,,,,,,,,,,
861,女,37,教師,45500,未婚,萬華區,公車,珍煮丹,45,否,,,,,,,,,,,,
862,男,22,學生,74000,已婚,文山區,捷運,龜記,45,否,,,,,,,,,,,,
863,女,29,職員,58500,未婚,士林區,公車,可不可,50,否,,,,,,,,,,,,
864,男,31,零售業,34500,未婚,士林區,捷運,可不可,65,是,,,,,,,,,,,,
865,男,22,服務業,71500,未婚,松山區,捷運,珍煮丹,50,否,,,,,,,,,,,,
866,女,27,學生,44500,已婚,南港區,騎車,約翰紅茶,35,否,,,,,,,,,,,,
867,男,49,職員,67500,未婚,南港區,捷運,萬波,40,是,,,,,,,,,,,,
868,男,46,職員,43000,已婚,北投區,公車,清新福全,70,是,,,,,,,,,,,,
869,男,46,職員,62500,已婚,松山區,騎車,約翰紅茶,40,是,,,,,,,,,,,,
870,男,23,職員,48000,未婚,大同區,騎車,50嵐,50,否,,,,,,,,,,,,
871,男,37,職員,67500,未婚,松山區,公車,約翰紅茶,65,否,,,,,,,,,,,,
872,女,37,業務,52000,已婚,士林區,騎車,春水堂,60,是,,,,,,,,,,,,
873,女,23,服務業,65500,未婚,文山區,捷運,50嵐,70,是,,,,,,,,,,,,
874,女,39,職員,51500,未婚,文山區,公車,五桐號,55,否,,,,,,,,,,,,
875,女,39,自由業,49000,未婚,北投區,公車,天仁茗茶,70,是,,,,,,,,,,,,
876,女,44,工人,62500,未婚,大同區,開車,可不可,60,否,,,,,,,,,,,,
877,男,25,職員,31500,已婚,內湖區,騎車,春水堂,70,否,,,,,,,,,,,,
878,女,32,職員,79500,已婚,松山區,捷運,可不可,45,否,,,,,,,,,,,,
879,女,34,業務,55500,未婚,北投區,公車,龜記,70,否,,,,,,,,,,,,
880,男,39,醫生,57000,未婚,中正區,捷運,可不可,50,否,,,,,,,,,,,,
881,男,50,職員,75000,已婚,信義區,公車,春水堂,50,否,,,,,,,,,,,,
882,女,24,業務,45500,已婚,內湖區,捷運,其他,40,否,,,,,,,,,,,,
883,女,32,職員,48500,已婚,中正區,捷運,清新福全,45,是,,,,,,,,,,,,
884,男,38,職員,66000,已婚,南港區,騎車,五桐號,65,是,,,,,,,,,,,,
885,女,20,醫生,50000,已婚,南港區,公車,五桐號,55,否,,,,,,,,,,,,
886,女,41,職員,40000,未婚,萬華區,捷運,其他,45,否,,,,,,,,,,,,
887,女,40,金融業,74000,已婚,松山區,捷運,春水堂,70,是,,,,,,,,,,,,
888,男,40,工人,60500,已婚,松山區,公車,五桐號,60,否,,,,,,,,,,,,
889,女,27,職員,78500,已婚,士林區,公車,五桐號,40,否,,,,,,,,,,,,
890,男,33,服務業,48500,已婚,中正區,捷運,CoCo都可,65,是,,,,,,,,,,,,
891,男,50,自由業,51500,未婚,大同區,捷運,50嵐,70,否,,,,,,,,,,,,
892,男,40,傳統市場,66500,未婚,萬華區,騎車,其他,50,否,,,,,,,,,,,,
893,男,39,工程師,55500,已婚,北投區,公車,萬波,65,否,,,,,,,,,,,,
894,男,45,金融業,51000,未婚,內湖區,公車,清新福全,50,否,,,,,,,,,,,,
895,女,49,金融業,69000,已婚,文山區,捷運,五桐號,60,否,,,,,,,,,,,,
896,男,47,金融業,36500,已婚,萬華區,公車,萬波,45,否,,,,,,,,,,,,
897,男,27,金融業,78500,已婚,松山區,公車,春水堂,50,是,,,,,,,,,,,,
898,男,42,教師,50000,已婚,中正區,騎車,五桐號,50,否,,,,,,,,,,,,
899,女,50,職員,32000,已婚,萬華區,開車,清新福全,70,是,,,,,,,,,,,,
900,女,43,業務,56000,已婚,信義區,騎車,CoCo都可,70,否,,,,,,,,,,,,
901,女,35,職員,43500,已婚,萬華區,騎車,萬波,65,是,,,,,,,,,,,,
902,男,27,傳統市場,46000,未婚,士林區,騎車,其他,65,否,,,,,,,,,,,,
903,男,35,金融業,68500,已婚,士林區,公車,五桐號,70,否,,,,,,,,,,,,
904,女,41,業務,76000,未婚,大安區,騎車,春水堂,55,否,,,,,,,,,,,,
905,女,32,職員,78000,已婚,萬華區,捷運,萬波,50,否,,,,,,,,,,,,
906,女,32,業務,68000,未婚,中正區,騎車,約翰紅茶,70,否,,,,,,,,,,,,
907,女,31,職員,60000,未婚,大安區,公車,可不可,45,否,,,,,,,,,,,,
908,男,29,工程師,74500,未婚,大同區,公車,珍煮丹,65,否,,,,,,,,,,,,
909,女,39,自由業,54500,已婚,內湖區,公車,50嵐,55,否,,,,,,,,,,,,
910,男,35,教師,39500,已婚,中山區,捷運,可不可,35,否,,,,,,,,,,,,
911,女,25,職員,55500,已婚,信義區,公車,50嵐,50,否,,,,,,,,,,,,
912,男,28,金融業,73500,未婚,文山區,捷運,約翰紅茶,50,是,,,,,,,,,,,,
913,男,41,業務,54000,未婚,士林區,捷運,五桐號,70,否,,,,,,,,,,,,
914,女,29,學生,63000,已婚,大安區,公車,春水堂,35,否,,,,,,,,,,,,
915,男,30,業務,48500,未婚,大同區,騎車,約翰紅茶,60,否,,,,,,,,,,,,
916,男,47,工程師,59000,已婚,南港區,捷運,春水堂,65,是,,,,,,,,,,,,
917,女,42,服務業,50500,已婚,大同區,騎車,CoCo都可,65,否,,,,,,,,,,,,
918,男,24,工程師,62000,未婚,文山區,騎車,清新福全,50,否,,,,,,,,,,,,
919,女,20,醫生,46500,未婚,大同區,公車,清新福全,60,是,,,,,,,,,,,,
920,女,44,工程師,45000,已婚,南港區,騎車,約翰紅茶,65,否,,,,,,,,,,,,
921,男,20,職員,75000,未婚,萬華區,騎車,春水堂,40,否,,,,,,,,,,,,
922,女,29,工人,44000,未婚,內湖區,公車,珍煮丹,35,否,,,,,,,,,,,,
923,女,48,工程師,50500,未婚,中山區,公車,五桐號,55,否,,,,,,,,,,,,
924,女,24,業務,56000,未婚,內湖區,捷運,50嵐,65,否,,,,,,,,,,,,
925,女,26,金融業,45000,已婚,中山區,捷運,可不可,35,否,,,,,,,,,,,,
926,女,31,工人,54500,已婚,南港區,捷運,清新福全,70,否,,,,,,,,,,,,
927,女,48,自由業,39000,未婚,大安區,捷運,CoCo都可,35,是,,,,,,,,,,,,
928,男,25,職員,51000,已婚,大同區,公車,約翰紅茶,35,否,,,,,,,,,,,,
929,女,24,業務,49000,未婚,中正區,開車,清新福全,45,是,,,,,,,,,,,,
930,男,29,職員,69000,已婚,信義區,公車,春水堂,65,否,,,,,,,,,,,,
931,男,45,服務業,64500,已婚,北投區,公車,50嵐,65,否,,,,,,,,,,,,
932,男,23,職員,73000,未婚,士林區,捷運,約翰紅茶,65,是,,,,,,,,,,,,
933,男,43,工程師,42000,未婚,大同區,騎車,春水堂,60,是,,,,,,,,,,,,
934,女,23,職員,67500,未婚,文山區,騎車,清新福全,45,否,,,,,,,,,,,,
935,女,39,職員,34000,未婚,南港區,騎車,龜記,70,否,,,,,,,,,,,,
936,男,29,職員,79000,未婚,南港區,公車,珍煮丹,70,否,,,,,,,,,,,,
937,男,27,職員,59000,未婚,中山區,公車,CoCo都可,55,是,,,,,,,,,,,,
938,男,20,工人,34000,已婚,大安區,公車,可不可,45,否,,,,,,,,,,,,
939,女,22,服務業,62000,已婚,文山區,騎車,龜記,50,是,,,,,,,,,,,,
940,女,21,律師,46000,已婚,大同區,公車,CoCo都可,40,是,,,,,,,,,,,,
941,男,44,職員,44000,已婚,南港區,捷運,龜記,50,否,,,,,,,,,,,,
942,女,40,職員,61000,未婚,南港區,騎車,五桐號,65,是,,,,,,,,,,,,
943,女,32,自由業,28500,已婚,中山區,騎車,約翰紅茶,60,否,,,,,,,,,,,,
944,女,29,業務,29500,已婚,大安區,公車,龜記,70,否,,,,,,,,,,,,
945,男,39,職員,61000,未婚,北投區,騎車,50嵐,35,否,,,,,,,,,,,,
946,女,47,職員,52000,未婚,文山區,捷運,春水堂,60,否,,,,,,,,,,,,
947,女,26,職員,69000,已婚,松山區,公車,CoCo都可,35,否,,,,,,,,,,,,
948,女,28,職員,74500,未婚,北投區,公車,50嵐,70,否,,,,,,,,,,,,
949,女,21,職員,43000,未婚,中山區,捷運,清新福全,55,否,,,,,,,,,,,,
950,女,33,業務,40500,未婚,中山區,捷運,其他,40,是,,,,,,,,,,,,
951,女,33,教師,36500,已婚,萬華區,公車,CoCo都可,60,否,,,,,,,,,,,,
952,男,22,職員,34500,已婚,北投區,開車,萬波,65,是,,,,,,,,,,,,
953,女,43,自由業,44000,已婚,松山區,公車,萬波,45,是,,,,,,,,,,,,
954,男,20,工程師,42500,未婚,中山區,捷運,50嵐,55,否,,,,,,,,,,,,
955,男,50,傳統市場,77000,未婚,松山區,開車,CoCo都可,45,否,,,,,,,,,,,,
956,男,31,學生,42000,未婚,文山區,公車,春水堂,35,否,,,,,,,,,,,,
957,女,20,職員,59000,已婚,內湖區,公車,其他,40,是,,,,,,,,,,,,
958,女,26,工程師,66500,已婚,大同區,騎車,約翰紅茶,65,否,,,,,,,,,,,,
959,男,42,工程師,68000,已婚,文山區,騎車,天仁茗茶,40,否,,,,,,,,,,,,
960,男,44,傳統市場,41500,已婚,北投區,公車,天仁茗茶,40,否,,,,,,,,,,,,
961,女,22,職員,74000,未婚,中正區,騎車,五桐號,65,是,,,,,,,,,,,,
962,女,31,業務,69000,已婚,松山區,捷運,春水堂,35,否,,,,,,,,,,,,
963,男,37,學生,36000,未婚,松山區,捷運,其他,40,是,,,,,,,,,,,,
964,男,50,職員,42500,未婚,中正區,騎車,萬波,50,是,,,,,,,,,,,,
965,男,27,工程師,60500,未婚,內湖區,捷運,CoCo都可,70,否,,,,,,,,,,,,
966,男,47,工程師,57500,未婚,文山區,捷運,春水堂,60,否,,,,,,,,,,,,
967,男,27,職員,29000,未婚,大安區,開車,50嵐,60,是,,,,,,,,,,,,
968,女,38,職員,31000,未婚,南港區,騎車,珍煮丹,65,否,,,,,,,,,,,,
969,女,37,職員,77000,已婚,萬華區,騎車,其他,50,否,,,,,,,,,,,,
970,男,37,業務,43000,已婚,南港區,捷運,珍煮丹,70,否,,,,,,,,,,,,
971,女,46,業務,32500,已婚,中山區,捷運,可不可,60,否,,,,,,,,,,,,
972,女,33,服務業,47000,已婚,松山區,捷運,CoCo都可,45,否,,,,,,,,,,,,
973,男,42,職員,50000,未婚,中山區,騎車,天仁茗茶,70,否,,,,,,,,,,,,
974,男,37,工程師,40000,未婚,士林區,公車,萬波,35,否,,,,,,,,,,,,
975,男,43,醫生,60500,未婚,文山區,捷運,春水堂,35,是,,,,,,,,,,,,
976,女,50,工程師,60500,已婚,中山區,騎車,其他,35,是,,,,,,,,,,,,
977,男,44,傳統市場,74000,未婚,大安區,騎車,其他,50,否,,,,,,,,,,,,
978,男,24,醫生,34500,未婚,松山區,捷運,CoCo都可,70,是,,,,,,,,,,,,
979,女,34,自由業,57000,已婚,松山區,捷運,可不可,70,否,,,,,,,,,,,,
980,女,23,學生,42000,已婚,萬華區,騎車,萬波,35,否,,,,,,,,,,,,
981,男,34,職員,70500,未婚,大同區,公車,約翰紅茶,55,否,,,,,,,,,,,,
982,男,25,金融業,77500,未婚,信義區,公車,珍煮丹,50,否,,,,,,,,,,,,
983,男,23,服務業,29000,未婚,北投區,騎車,五桐號,35,否,,,,,,,,,,,,
984,男,44,傳統市場,57500,已婚,內湖區,捷運,約翰紅茶,65,否,,,,,,,,,,,,
985,女,41,職員,57500,已婚,中正區,騎車,50嵐,45,否,,,,,,,,,,,,
986,男,23,職員,28500,未婚,萬華區,騎車,50嵐,55,是,,,,,,,,,,,,
987,男,33,金融業,57000,未婚,中山區,騎車,可不可,45,是,,,,,,,,,,,,
988,男,48,服務業,59500,未婚,萬華區,公車,春水堂,60,否,,,,,,,,,,,,
989,女,41,職員,58500,已婚,北投區,捷運,萬波,60,否,,,,,,,,,,,,
990,女,28,服務業,65500,已婚,內湖區,開車,萬波,35,否,,,,,,,,,,,,
991,男,37,職員,36000,未婚,中山區,捷運,約翰紅茶,40,否,,,,,,,,,,,,
992,男,44,服務業,75000,未婚,大安區,捷運,約翰紅茶,35,否,,,,,,,,,,,,
993,男,42,職員,28000,未婚,大同區,騎車,CoCo都可,40,是,,,,,,,,,,,,
994,女,49,業務,72000,未婚,大安區,公車,清新福全,60,是,,,,,,,,,,,,
995,男,47,職員,41500,未婚,內湖區,捷運,其他,70,是,,,,,,,,,,,,
996,男,28,職員,36500,已婚,信義區,騎車,萬波,60,否,,,,,,,,,,,,
997,女,28,業務,41500,已婚,士林區,公車,可不可,40,是,,,,,,,,,,,,
998,男,33,職員,74000,未婚,大同區,捷運,50嵐,65,是,,,,,,,,,,,,
999,女,29,職員,36000,已婚,萬華區,騎車,五桐號,55,是,,,,,,,,,,,,
1000,女,21,工程師,32000,已婚,文山區,捷運,龜記,70,是,,,,,,,,,,,,
